timestamp,active_subscribers,active_sessions,dl_bitrate_mbps,ul_bitrate_mbps,rrc_success_rate,session_success_rate,handover_success_rate,latency_ms,packet_loss_pct,bler_pct,prb_utilization_pct,core_resource_utilization_pct,ue_throughput_mbps
09-06-2026 00:00,152,388,43.85,80.17,98.73,97.97,95.47,21.07,0.67,0.8,68.82,33.67,59.15
09-06-2026 00:01,463,333,20.1,99.3,98.79,98.52,95.03,5.81,1.05,2.06,23.5,93.29,22.46
09-06-2026 00:02,495,214,100.39,44.42,99.85,98.04,99.04,28.81,0.91,0.16,90.67,66.61,33.91
09-06-2026 00:03,395,92,50.02,31.69,98.98,98.51,98.92,11.07,0.79,0.99,76.65,57.64,20.6
09-06-2026 00:04,309,349,24.07,85.81,98.3,97.8,99.36,30.45,0.66,2.9,59.06,92.48,68.34
09-06-2026 00:05,286,377,90.16,62.81,99.8,98.5,96.3,15.37,0.34,0.18,51.76,55.67,27.01
09-06-2026 00:06,112,178,45.85,74.02,99.29,98.5,99.35,27.79,1.83,4.27,53.71,36.2,32.81
09-06-2026 00:07,111,255,106.57,63.22,97.8,98.35,96.8,39.01,1.7,3.64,37.7,46.64,8.03
09-06-2026 00:08,256,54,34.42,49.54,97.58,99.46,97.23,24.71,1.39,0.78,65.33,65.09,20.23
09-06-2026 00:09,62,199,97.85,72.53,99.55,98.56,96.39,8.69,0.92,1.17,51.24,87.41,29.33
09-06-2026 00:10,397,270,137.89,34.49,98.88,96.5,96.66,15.67,0.34,2.72,56.36,75.01,25.21
09-06-2026 00:11,201,354,62.02,56.69,99.04,97.7,99.57,38.69,0.51,2.54,42.57,48.51,7.77
09-06-2026 00:12,162,41,85.35,14.63,97.81,99.5,96.13,10.07,0.98,4.93,38.15,73.69,62.12
09-06-2026 00:13,172,440,114.67,43.1,98.83,98.59,97.52,8.16,1.67,1.67,33.99,32.65,49.32
09-06-2026 00:14,492,442,112.45,82.86,98.01,96.82,99.42,18.92,1.04,4.2,70.68,77.79,20.68
09-06-2026 00:15,464,337,53.53,69.4,99.37,98.33,97.49,13.46,0.2,4.5,87.53,71.15,30.43
09-06-2026 00:16,148,186,114.37,90.74,99.57,99.07,98.02,7.94,0.33,4.5,65.48,30.6,12.61
09-06-2026 00:17,148,192,20.66,24.47,98.59,98.78,98.06,12.85,1.43,1.26,44.4,78.52,53.72
09-06-2026 00:18,184,234,105.49,61.15,97.27,97.71,96.25,13.54,1.95,2.03,86.9,71.02,64.61
09-06-2026 00:19,335,136,95,54.33,97.57,98.88,96.32,5.85,1.29,0.97,90.53,92.01,73.61
09-06-2026 00:20,148,419,22.01,93.55,98.24,99.69,99.53,34.86,0.6,1.99,83.84,50.6,17.71
09-06-2026 00:21,330,262,129.75,93.7,97.2,97.19,98.15,17.55,0.52,1.55,44.19,85.16,15.25
09-06-2026 00:22,295,215,91.87,36.69,98.22,97.35,97.87,7.86,0.02,3.18,34.57,34.61,34.76
09-06-2026 00:23,191,410,63.94,43.8,97.27,98.41,95.17,21.3,1.09,1.5,64.31,31.98,7.8
09-06-2026 00:24,375,310,66.82,21.44,98.51,99.04,96.01,26.8,0.18,0.35,59.85,65.14,52.81
09-06-2026 00:25,357,183,146.86,56.47,97.94,99.12,96.27,20.36,0.17,0.22,92.2,84.34,57.2
09-06-2026 00:26,178,97,138.98,49.81,97.7,96.81,95.86,37.71,1.28,2.63,69.28,58.32,59.75
09-06-2026 00:27,125,193,66.28,78.21,97.04,96.88,95.22,6.43,1.71,3.55,55.56,36.36,41.87
09-06-2026 00:28,88,139,42.52,49.05,98.16,98.53,97.98,6.59,0.76,3.17,57.74,85.67,54.4
09-06-2026 00:29,53,55,29.17,67.82,97.08,98.43,99.42,25.14,0.78,3.25,54.37,65.47,75.61
09-06-2026 00:30,372,104,144.95,91.48,97.57,96.73,95.47,5.64,0.2,3.45,25.34,50.73,68.37
09-06-2026 00:31,139,154,56.64,20.63,99.02,98.58,99.12,30.73,1.61,1.48,33.31,78.79,65.51
09-06-2026 00:32,226,138,73.64,43.48,99.25,97.62,99.37,35.04,0.86,3.78,76.59,36.7,72.69
09-06-2026 00:33,111,123,127.44,38.8,99.6,97.78,95.05,36.69,0.19,1.66,91.25,91.79,48.01
09-06-2026 00:34,416,183,78.3,36.39,97.95,98.72,98.54,32.71,1.58,0.55,57.08,33.74,46.21
09-06-2026 00:35,182,202,135.4,41.58,97.34,96.97,98.58,26.64,0.21,0.51,72.57,34.73,66.64
09-06-2026 00:36,171,233,30.58,17.64,99.86,97.74,96.74,33.45,1.9,4.93,76.5,54.46,11.26
09-06-2026 00:37,494,403,92.59,48.18,99.63,96.87,97.32,5.4,0.94,0.38,28.91,37.64,53.69
09-06-2026 00:38,50,426,95.84,96.6,98.09,97.44,99.08,12.83,1.93,0.16,92.74,32.81,71.84
09-06-2026 00:39,423,252,149.09,16.64,98.61,99.7,97.46,27.03,1.39,2.33,67.07,67.98,72.59
09-06-2026 00:40,490,51,144.63,15.21,98.14,96.85,96.58,10.94,1.3,2,37.2,47.29,32.03
09-06-2026 00:41,277,231,78.92,12.91,97.81,97.86,97.83,14.48,0.28,0.47,90.54,57.08,48.59
09-06-2026 00:42,458,49,141.25,87.95,97.13,96.59,96.77,33.37,1.97,0.84,64.56,54.76,77.74
09-06-2026 00:43,332,216,128.98,52.18,98.2,97.4,95.26,35.27,1.63,5,94.75,66.1,62.67
09-06-2026 00:44,214,241,130.45,32.26,98.31,96.93,99.48,26.22,0.46,3.39,66.36,53.28,13.52
09-06-2026 00:45,203,289,87.64,79.51,98.51,99.31,97.59,24.63,1.75,2.08,30.05,31.87,61.64
09-06-2026 00:46,390,437,111.53,29.17,97.4,96.55,96.65,25.65,0.79,2.24,87.81,52.64,43.55
09-06-2026 00:47,384,69,100.87,87.61,99.75,96.99,99.35,22.22,0.52,2.35,93.5,62.02,29.66
09-06-2026 00:48,284,82,51.22,16.83,97.37,96.92,95.71,9.86,1.29,0.99,45.93,88.29,40.55
09-06-2026 00:49,142,199,42.4,27.31,97.12,97.06,96.31,11.2,0.19,0.69,54.56,43.41,32.32
09-06-2026 00:50,127,257,109.75,13.54,99.32,98.57,95.38,35.58,1.84,0.4,40.77,82.4,61.12
09-06-2026 00:51,302,219,47.22,43.34,98.41,98.54,96.73,21.19,1.5,0.28,38.93,76.37,72.14
09-06-2026 00:52,287,402,89.17,19.65,98.3,98.26,96.14,14.42,0.76,0.2,44.16,43.74,29.56
09-06-2026 00:53,349,64,135.77,63.42,98.97,99.1,97.34,8.04,1.08,2.98,75.91,58.06,14.57
09-06-2026 00:54,474,140,67.2,68.13,98.66,97.68,99.64,26.2,0.48,0.6,31.46,45.99,17.05
09-06-2026 00:55,380,357,124.76,15.01,99.44,96.67,95.09,29.39,1.99,4.49,63.2,89.63,5.4
09-06-2026 00:56,167,408,83.8,75.06,99.38,98.87,97.51,21.68,1.68,1.1,92.6,76.21,19.96
09-06-2026 00:57,69,152,88.88,73.65,99.23,96.79,97.38,37.62,0.65,3.01,47.69,59.53,46.15
09-06-2026 00:58,187,211,46.22,71.61,97.25,96.96,95.01,9.08,0.95,3.07,79.57,36.94,68.8
09-06-2026 00:59,493,275,73.11,93.96,99.87,97.18,96.78,37.43,1.45,0.34,78.61,83.82,61.29
09-06-2026 01:00,365,325,127.27,26.78,97.68,98.59,99.27,16.07,1.18,3.45,53.9,76.4,72.48
09-06-2026 01:01,174,392,117.19,55.24,97.67,99.47,96.8,24.02,1.81,3.16,28.77,91.09,52.08
09-06-2026 01:02,91,54,134.22,54.59,99.15,98.39,99.69,31.33,1.42,3.92,30.73,43.3,58.55
09-06-2026 01:03,54,162,118.1,19.26,98.56,97.75,97.15,26.14,1.01,2.75,56.48,56.58,62.89
09-06-2026 01:04,460,134,97.8,60.9,99.08,98.48,98.89,38.57,0.69,1.21,51.77,48.72,51.12
09-06-2026 01:05,267,180,38.09,19.07,97.74,98.9,97.79,8.58,1.84,3.97,21.73,72.34,62.84
09-06-2026 01:06,336,417,28.96,16.96,97.3,99.27,99.28,9.3,0.48,0.91,33.97,84.44,29.91
09-06-2026 01:07,487,94,49.56,64.71,98.1,98.96,95.97,32.57,1.21,0.66,51.09,86.13,74.22
09-06-2026 01:08,440,249,82.51,92.66,98.7,96.61,99.29,13.69,1.16,0.91,22.54,50.25,63.54
09-06-2026 01:09,199,193,21.7,69.72,97.52,99.67,95.7,19.51,0.18,4.98,57.66,68.7,10.03
09-06-2026 01:10,264,418,123.97,41.44,98.36,98.56,96.78,34.28,1.18,1.54,73.55,64.3,45.08
09-06-2026 01:11,162,153,84.61,78.88,97.3,97.6,95.35,31.36,0.55,4.5,59.49,82.05,78.42
09-06-2026 01:12,337,217,132.71,46.72,98.6,97.34,95.92,22.69,1.19,1.76,62.71,87.68,46.75
09-06-2026 01:13,313,330,51.61,75,99.48,99.24,96.87,28.38,0.42,1.54,87.23,30.85,11.41
09-06-2026 01:14,200,124,23.45,26.33,98.69,97.89,99.2,33.61,0.69,1.37,48.48,68.37,25.1
09-06-2026 01:15,310,332,73.22,59.68,98.26,97.47,99.46,31.73,0.29,4.36,56.56,88.15,64.99
09-06-2026 01:16,258,409,22.92,34.18,98.57,98.59,96.21,9.88,1.67,4.92,59.43,41.16,25.42
09-06-2026 01:17,124,365,138.86,20.6,98.67,97.4,97.6,27.8,1.66,1.11,20.82,38.9,72.5
09-06-2026 01:18,183,258,97.66,64.05,98.93,97.08,99.3,19.66,0.77,2.64,23.52,40.81,60.35
09-06-2026 01:19,356,220,98.41,32.08,98.13,97.45,96.67,30.17,0.6,2.88,55.7,73.14,75.26
09-06-2026 01:20,118,351,47.94,12.81,97.76,98.46,95.24,22.37,1.2,1.74,77.82,36.93,10.64
09-06-2026 01:21,66,168,84.41,71.96,98.26,97.31,98.85,32.98,1.39,1.43,64.27,53.46,11.87
09-06-2026 01:22,354,56,143.53,50.14,97.54,98.29,99.1,30.63,1.62,3.33,71.92,85.2,23.73
09-06-2026 01:23,138,307,48.76,98.89,99.74,96.63,98.32,37.38,0.37,2.88,88.66,32.21,57.31
09-06-2026 01:24,186,410,140.17,97.4,99.74,98.06,99.05,34.56,0.65,4.16,22.78,68.76,22.25
09-06-2026 01:25,237,340,30,72.67,97.99,98.89,95.31,16.04,1.08,3.97,43.91,70.68,71.45
09-06-2026 01:26,475,147,50.28,12.2,99.52,96.57,99.11,23.51,1.88,4.01,94.85,52.8,62.54
09-06-2026 01:27,367,284,82.37,62.27,97.79,97.81,95.43,16.77,1.05,3.69,20.25,60.38,27.28
09-06-2026 01:28,373,185,50.37,13.79,97.05,99.76,97.01,18.45,1.36,1.17,91.25,81.11,11.71
09-06-2026 01:29,247,334,134.29,95.03,98.36,98.52,95.79,39.69,0.47,4.72,68.72,69.5,43.45
09-06-2026 01:30,379,146,42.95,29.84,97.54,99.07,96.65,7.02,1.94,4.43,89.58,94.67,18.04
09-06-2026 01:31,468,217,83.85,99.67,99.6,98.03,97.93,31.18,0.08,4.49,84.51,59.73,34.34
09-06-2026 01:32,172,68,135.54,96.01,99.5,99.17,98.08,24.28,0.18,2.1,47.95,46.88,59.26
09-06-2026 01:33,139,441,30.54,29.82,98.98,96.75,99,22.33,0.97,3,81.85,52.61,55.85
09-06-2026 01:34,396,276,115.41,56.91,99.52,97.31,95.74,10.61,0.67,1.27,89.76,36.88,57.42
09-06-2026 01:35,237,46,134.61,96.52,98.35,99.4,95.02,33.7,0.46,4.55,20.08,66.15,61.75
09-06-2026 01:36,61,334,45.11,17.57,97.95,98.35,95.54,18.18,0.03,4.11,29.63,48.42,6.38
09-06-2026 01:37,282,263,129.22,45.29,97.52,98.99,98.71,11.08,1.54,4.74,32.48,80.11,58.14
09-06-2026 01:38,423,232,27.53,16.72,99.47,99.77,98.18,20.61,1.3,3.01,48.77,34.27,66.61
09-06-2026 01:39,416,118,126.44,32.73,97,97.02,97.2,38.05,0.21,4.29,59.53,83.68,27.38
09-06-2026 01:40,337,169,120.47,30.7,97.38,99.36,99.53,6.1,1.47,4.56,84.3,92.69,62.01
09-06-2026 01:41,436,296,61.7,75.2,99.16,97.16,99.08,30.02,1.13,2.41,60.74,40.35,20.28
09-06-2026 01:42,142,348,39.98,50.83,98.54,96.56,98.74,15.3,1.82,4.84,33.91,60.04,5.09
09-06-2026 01:43,322,421,109.12,48.73,97.58,98.12,95.3,25.37,0.55,4.01,43.28,59.59,5.87
09-06-2026 01:44,323,359,71.42,97.72,99.09,98.67,98.56,38.34,1.82,3.65,76.19,39.48,12.71
09-06-2026 01:45,95,199,22.39,53.41,97.61,97.64,98.65,37.94,0.15,2.72,86.19,35.36,66.84
09-06-2026 01:46,203,445,61.87,97.97,97.58,98.79,98.86,6.44,1.34,4.76,29.32,88.25,49.61
09-06-2026 01:47,122,398,99.68,36.9,99.71,99.63,97.94,32.42,1.23,2.47,69.56,65.95,49.81
09-06-2026 01:48,71,449,82.52,13.67,97.48,97.95,98.41,25.76,1.3,2.45,66.18,51.39,40.26
09-06-2026 01:49,222,431,133.34,49.03,97.13,97.03,95.1,27.86,0.67,2.76,57,35.3,35.24
09-06-2026 01:50,494,132,74.39,28.32,99.44,97.07,99.52,19.56,1.69,3.18,75.15,79.9,42.86
09-06-2026 01:51,99,216,86.82,62.93,97.09,97.81,97.85,25.92,1.59,3.31,94.41,48.45,31.94
09-06-2026 01:52,180,276,80.56,85.24,97.68,99.06,96.9,26.06,1.27,1.93,58.45,56.85,10.18
09-06-2026 01:53,90,357,32.66,46.45,98.72,98.41,98.11,8.33,1.31,1.63,49.93,85.77,5.68
09-06-2026 01:54,498,203,146.08,50.84,97.68,96.74,95.8,23.19,0.68,4.16,52.32,46.17,51.29
09-06-2026 01:55,50,352,41.72,25.09,97.11,98.93,98.12,21.61,1.69,4.05,63.9,86.44,20.44
09-06-2026 01:56,494,443,55.07,15.14,98.54,99.59,95.18,9.27,0.91,4.68,43.71,62.97,8.12
09-06-2026 01:57,325,220,82.39,71.74,97.05,97.57,99.57,25.3,0.52,2.66,45.7,64.6,14.43
09-06-2026 01:58,175,340,38.66,94.58,99.13,97.04,95.89,30.58,0.32,1.25,92.25,46.59,54.62
09-06-2026 01:59,168,257,68.66,11.58,97.71,99.24,99.06,31.9,0.24,4,88.9,69.04,75.57
09-06-2026 02:00,191,92,106.71,61.95,98.01,97.03,97.84,16.13,1.73,4.97,76.43,35.88,26.65
09-06-2026 02:01,373,137,72.54,39.43,98.94,99.17,98.58,32.92,0.88,4.11,29.02,65.39,5.43
09-06-2026 02:02,192,104,67.64,45.66,99.02,97.78,97.11,13.31,0.75,1.21,25.49,69.22,55.12
09-06-2026 02:03,379,304,69.37,87.7,98.51,98.08,95.12,16.94,0.77,2.05,63.51,64.68,50.59
09-06-2026 02:04,481,382,125.69,74.63,99.77,96.56,95.92,5.26,1.3,4.5,38.26,90.26,9.52
09-06-2026 02:05,326,180,65.71,19.13,98.41,97.35,96.34,15.76,1.61,2.74,43.35,69.67,58.71
09-06-2026 02:06,482,116,73.76,20.97,97.53,98.75,95.85,23.38,1.42,0.62,62.55,46.68,77.22
09-06-2026 02:07,423,302,126.05,43.62,98.53,96.87,95.01,27.33,1.04,3.01,79.53,72.03,18.11
09-06-2026 02:08,170,164,137.77,79.3,98.61,97.34,96.42,30.62,1.7,3.39,80.71,79.83,16.23
09-06-2026 02:09,488,281,39.89,31.17,99.52,98.06,97.52,11.25,0.63,1.23,35.46,71.47,24.27
09-06-2026 02:10,126,293,38.43,34.71,98.73,98.73,97.08,20.6,1.45,0.18,45.58,83.22,50.24
09-06-2026 02:11,151,81,137.72,79.54,97.77,98.63,97.8,19.04,0.74,1.78,66.29,58.76,67.39
09-06-2026 02:12,493,44,29.09,67.62,97.79,98.46,98.2,13.08,0.92,1.03,23.93,54.6,32.22
09-06-2026 02:13,340,393,78.03,40.02,98.68,96.79,99.52,27.22,1.51,0.94,50.71,57.47,66.64
09-06-2026 02:14,61,184,59.11,98.31,98.38,97.76,95.56,39.1,0.05,3.71,77.64,45.84,55.37
09-06-2026 02:15,133,445,31.59,77.97,97.37,99.23,98.68,29.81,0.08,1.59,39.73,53.41,11.57
09-06-2026 02:16,298,370,127.29,35.17,99.73,99.38,95.76,32.52,1.15,2.88,49.33,62.57,34.79
09-06-2026 02:17,215,121,101.63,70.69,98.54,98.88,95.66,12.42,1.64,1.68,21.72,40,21.77
09-06-2026 02:18,255,315,94.5,93.95,98.67,98.08,96.47,26.22,0.29,4.5,82.2,50.64,76.46
09-06-2026 02:19,439,64,106.62,20.96,98.39,98.17,96.09,7.8,1.56,0.7,64.57,90.87,70.71
09-06-2026 02:20,365,429,20.04,11.59,98.75,97.7,96.82,24.76,0.39,1.14,56.35,79.03,51.46
09-06-2026 02:21,132,432,38.49,20.92,97.88,96.83,98.25,7.18,1.02,4.98,81.05,69.99,27.97
09-06-2026 02:22,357,163,130.24,75.19,99.3,97.84,98.07,17.4,1.06,2.46,33.27,55.16,77.29
09-06-2026 02:23,232,425,37.39,47.67,99.29,98.42,98.2,11.64,1.24,1.69,82.57,70.9,19.91
09-06-2026 02:24,222,199,83.42,19.88,98.59,98,98.97,8.43,0.98,0.84,44.35,77.93,40.7
09-06-2026 02:25,282,260,71.28,51.35,99.28,99.44,99.49,32.54,0.64,3.47,52.82,46.55,68.07
09-06-2026 02:26,363,271,79.99,67.35,98.91,99.45,97.99,26.49,0.14,2.64,31.26,77.93,43.42
09-06-2026 02:27,150,47,25.42,17.63,99.08,96.74,95.33,5.42,1.91,3.71,46.49,49.27,31.23
09-06-2026 02:28,448,250,105.98,26.67,97.5,96.82,98.1,31.75,0.54,0.2,26.16,92.91,27.16
09-06-2026 02:29,305,399,101.21,44.37,97.6,96.9,97.89,32.11,1.29,2.7,23.15,92.95,64.9
09-06-2026 02:30,189,386,147.4,64.17,98.69,98.97,98.82,27.98,0.26,1.76,89.61,44.6,32.91
09-06-2026 02:31,364,373,77.12,65.16,99.73,97.29,95.57,11.91,1.77,3.26,41.44,83.04,69.6
09-06-2026 02:32,317,272,90.72,67.25,97.64,99.73,98.52,24.52,0.37,0.36,44,78.96,25.2
09-06-2026 02:33,397,324,114.63,19.71,98.99,96.8,99.54,22.09,0.31,1.78,51.01,79.28,60.76
09-06-2026 02:34,52,230,33.77,23.64,97.27,98.4,99.12,20.18,0.33,2.83,80.88,78.21,71.11
09-06-2026 02:35,437,143,45.21,89.18,98.91,97.53,98.49,33.53,1.23,3.47,48.14,65.02,44.31
09-06-2026 02:36,283,129,129.2,84.94,97.03,98.97,98.57,28.74,1.51,4.23,55.27,62.63,14.35
09-06-2026 02:37,160,420,103.64,80.24,97.63,96.95,98.12,5.07,0.36,0.24,32.52,41.79,34.08
09-06-2026 02:38,322,158,133.65,55.91,99.1,96.84,96.06,29.6,0.12,2.48,64.95,69.14,6.72
09-06-2026 02:39,452,344,102.74,23.41,99.02,98.96,99.62,12.34,1.65,2.65,48.01,37.95,60.16
09-06-2026 02:40,195,358,48.68,63.84,99.13,99.79,99.39,27.49,0.85,3.22,78.92,37.69,35.74
09-06-2026 02:41,127,163,69.9,61.47,98.7,97.11,96.7,16.71,0.06,0.22,82.38,47.75,43.86
09-06-2026 02:42,414,90,142.29,33.34,98.25,99.38,98.96,11.51,1.61,2.35,56.22,38.68,11.05
09-06-2026 02:43,280,334,84.54,49.32,99.12,99.03,95.75,26.36,0.28,3.78,69.27,92.18,10.17
09-06-2026 02:44,413,145,56.68,33.55,97.72,99.49,96.17,14.52,1.52,2.3,78.25,34.25,41.57
09-06-2026 02:45,233,146,28.14,91.58,97.4,98.26,96.93,17.16,1.8,0.21,69.78,92.62,47.01
09-06-2026 02:46,248,444,26.79,47.69,97.75,98.91,99.61,13.98,1.31,1.07,62.4,60.16,77.9
09-06-2026 02:47,433,435,65.44,20.27,97.44,97.24,96.18,34.77,1.13,2.66,28.61,85.91,59.21
09-06-2026 02:48,218,125,91.35,65.16,97.66,99.29,97.01,9.93,1.33,1.16,27.32,86.03,39.51
09-06-2026 02:49,216,125,57.78,80.83,97.32,97.67,99.6,32.79,1,1.76,85.41,65.42,61.88
09-06-2026 02:50,421,253,22.33,21.36,98.91,97.03,96.2,38.13,1.12,3.78,61.85,65.91,12.06
09-06-2026 02:51,436,83,90.03,54.8,97.31,98.67,98.86,18.31,1.55,4.83,35.28,64.02,26.54
09-06-2026 02:52,346,203,55.94,38.11,98.86,97.15,99.22,23.21,0.9,2.83,32.45,69.88,32.23
09-06-2026 02:53,332,153,41.95,55.63,98.73,96.61,96.71,30.64,1.64,1.63,79.89,92.9,69.27
09-06-2026 02:54,186,51,116.16,38.77,99.87,98.1,95.58,30.38,0.65,4.99,93.48,72.65,14.74
09-06-2026 02:55,374,64,32.09,12.64,99.39,97.19,96.78,39.07,0.68,1.55,88.87,37.2,61.97
09-06-2026 02:56,426,434,137.17,68.65,97.91,97.34,98.85,35.79,1.06,1.3,28.47,35.67,58.93
09-06-2026 02:57,212,219,137.7,76.57,97.55,98.53,97.05,25.2,1.48,4.05,83.28,46.51,7.33
09-06-2026 02:58,430,311,33.82,38.34,97.01,98.75,95.79,27.93,1.98,0.46,25.78,52.12,69.98
09-06-2026 02:59,352,333,66.85,16.17,99.21,97.85,98.57,36.63,0.47,4.06,24.43,88.43,53.81
09-06-2026 03:00,183,290,20.02,25.22,98.13,97.75,96.07,18.36,0.27,2.12,80.18,61.14,6.35
09-06-2026 03:01,473,383,23.53,96.96,97.37,98.84,99.57,33.91,1.4,4.21,93.63,70.39,46.94
09-06-2026 03:02,173,414,89.25,67.16,98.3,97.22,95.57,7.39,0.53,0.33,62.54,48.45,66.84
09-06-2026 03:03,358,266,49.43,75.72,98.74,96.71,99.12,35.7,0.67,1.77,94.18,70.7,44.85
09-06-2026 03:04,111,408,57.09,48.63,97.78,99.1,97.69,28.06,0.51,1.18,56.63,77.94,44.39
09-06-2026 03:05,442,363,132.91,15.82,99.77,96.58,98.26,7.88,1.82,2.38,30.31,52.15,17.36
09-06-2026 03:06,455,271,143.25,50.07,99.29,98.61,98.18,9.61,0.48,3.96,92.81,47.07,25.37
09-06-2026 03:07,396,400,85.81,67.07,97.21,97.34,96.7,21.54,0.1,0.79,40.76,93.15,29.85
09-06-2026 03:08,290,394,45.49,64.97,97.81,97.18,97.43,5.19,0.03,1.17,22.75,37.02,30.41
09-06-2026 03:09,390,284,94.37,56.14,97.85,99.57,96.87,8.05,1.24,0.66,45.89,62.98,70.57
09-06-2026 03:10,446,231,111.29,99.35,97.38,97.41,96.85,19.76,0.83,4.55,73.55,69.51,28.2
09-06-2026 03:11,350,129,144.16,83.91,97,98.6,95.24,14.02,0.13,3.06,71.49,37.44,33.79
09-06-2026 03:12,176,121,32,63.67,98.59,99.47,96.9,16.24,1.5,2.12,68.46,72.02,71.6
09-06-2026 03:13,315,437,102.69,92.2,98.78,99.38,98.4,9.22,1.81,0.43,60.05,39.24,5.88
09-06-2026 03:14,317,274,83.18,61.95,97.13,96.91,97.63,17.01,1.46,3.3,83.42,75.01,37.24
09-06-2026 03:15,148,414,90.53,87.56,98.71,97.25,96.81,20.75,1.16,3.82,27.42,87.83,5.92
09-06-2026 03:16,362,157,111.73,71.96,98.09,97.05,97.02,9.99,1.78,1.79,31.58,31.65,53.44
09-06-2026 03:17,468,165,97.48,19.11,99.46,98.25,98.96,25.31,1.12,0.62,32.55,93.18,22.14
09-06-2026 03:18,393,106,145.32,44.58,97.11,96.6,96.82,10.6,0.06,3.81,54.39,48.8,72.51
09-06-2026 03:19,174,76,144.27,38.26,99.58,98.49,98.89,39.44,0.58,4.81,49.21,55.06,30.53
09-06-2026 03:20,117,108,40.04,59.83,98.57,99.01,98.92,20.42,0.61,1.37,34.6,33.75,30.68
09-06-2026 03:21,70,339,127.99,59.03,97.48,98.42,99.7,10.27,1.64,1.12,78.68,77.75,27.54
09-06-2026 03:22,263,288,123.03,51.53,99.12,96.99,99.01,29.88,1.81,0.75,64.48,68.94,31.51
09-06-2026 03:23,96,179,24.94,77.13,98.59,96.69,98.2,21.34,0.08,4.85,91.18,63.34,12.03
09-06-2026 03:24,357,391,83.95,37.22,98.43,98.22,97.64,20.44,1.22,4.6,47.17,77.17,72.08
09-06-2026 03:25,268,121,77.65,64.19,98.72,99.16,97.24,39.86,0.13,0.12,68.01,49.4,23.03
09-06-2026 03:26,112,333,53.29,12.77,99.82,97.23,98.45,31.69,1.86,0.25,85.4,64.27,52.44
09-06-2026 03:27,326,243,124.58,35.09,97.61,99.66,95.04,39.92,1.36,4.16,42.1,30.93,60.34
09-06-2026 03:28,74,76,116.26,22.86,99.18,99.04,98.1,31.81,1.69,3.11,26.65,61.7,10.82
09-06-2026 03:29,433,299,72.92,15.94,98.01,96.87,98.8,38.17,0.15,4.78,59.19,49.47,10.76
09-06-2026 03:30,424,201,123.29,73.64,97.15,96.74,96.89,15.34,0.47,1.48,80.26,90.4,35.38
09-06-2026 03:31,76,157,61.79,52.88,97.66,98.61,99.6,26.12,0.72,3.27,29.22,87.76,42.73
09-06-2026 03:32,495,113,96.16,66.23,97.21,98.75,96.14,29.99,1.65,4.04,61.44,63.81,15.72
09-06-2026 03:33,313,51,84.57,35.58,97.39,98.58,95.26,31.2,0.64,0.1,58.33,33.05,25.71
09-06-2026 03:34,343,248,28.15,85.54,97.01,97.31,98.48,16.07,0.21,1.87,40.28,84.78,28.5
09-06-2026 03:35,149,377,135.94,49.04,99.64,97.75,99.53,8.13,1.38,2.52,49.07,71.13,57.79
09-06-2026 03:36,443,214,41.7,74.17,98.93,99.69,98.58,38.28,1.41,1.56,27.9,80.82,53.31
09-06-2026 03:37,347,440,66.81,96.11,98.45,97.93,97.15,12.31,0.74,1.91,23.93,79.89,36.24
09-06-2026 03:38,446,139,130.55,29.08,98.91,98.06,99.14,12.55,1.36,3.08,42.15,38.88,53.87
09-06-2026 03:39,323,42,61.03,68.03,98.15,98.85,95.94,36.16,0.58,1.9,24.36,37.25,43.69
09-06-2026 03:40,93,342,128.61,11.32,98.1,97.61,95.09,9.35,0.83,2.52,50.32,64.51,49.63
09-06-2026 03:41,73,68,80.33,96.71,98.51,98.74,96.47,32.09,1.55,2.65,93.2,38.16,6.27
09-06-2026 03:42,236,214,124.93,20.82,97.77,96.56,96.38,32.06,1.04,1.81,47.88,30.09,27.49
09-06-2026 03:43,184,267,130.12,12.12,99.61,99.08,98.67,21.03,0.8,1.58,24.93,44.84,23.5
09-06-2026 03:44,461,244,117.17,52.64,97.17,99.66,99.43,32.48,1.98,2.77,92.21,34.91,32.43
09-06-2026 03:45,108,129,45.46,22.67,98.8,99.08,97.72,10.14,1.62,3.22,49.11,73.82,24.49
09-06-2026 03:46,98,214,139.27,36.15,98.36,99.44,98.33,7.18,0.3,0.14,67.32,59.1,15.07
09-06-2026 03:47,483,265,51.45,55.05,98.97,96.75,96.29,33.24,0.92,2.78,52.46,32.85,17.43
09-06-2026 03:48,142,47,47.19,14.5,99.45,99.74,98.73,34.88,0.49,4.81,34.77,91.84,79.61
09-06-2026 03:49,369,226,147.55,61.26,97.75,97.94,97.79,7.56,1.25,4.91,34.26,81.52,73.09
09-06-2026 03:50,403,312,144.82,56.93,99.83,99,95.76,21.69,1.44,1.31,68.05,73.33,17.2
09-06-2026 03:51,137,281,120.31,54.9,97.04,96.53,96.68,37.42,0.47,3.21,36.66,50.91,68.6
09-06-2026 03:52,481,130,53,32.12,98.17,99.45,95,36.55,0.32,4.95,91.61,62.15,43.45
09-06-2026 03:53,376,280,102.61,18.16,97.09,96.69,97.09,14.64,1.25,4.96,48.97,67.3,36.17
09-06-2026 03:54,498,153,137.29,88.96,99.83,96.59,98.95,31.31,0.47,4.79,31.11,74.17,21.87
09-06-2026 03:55,117,236,113.49,60.7,98.24,97.58,98.95,10.03,0.87,4.53,83.44,56.06,62.23
09-06-2026 03:56,328,401,135.56,59.01,97.59,97.34,96.39,25.78,0.08,3.22,47.33,49.19,70.96
09-06-2026 03:57,434,234,32.36,84.41,97.14,98.9,98.64,17.34,1.65,2.63,54.75,32.95,26.75
09-06-2026 03:58,414,108,70.94,59.2,98.54,98.45,95.29,17.68,1.45,1.08,35.27,30.66,37.81
09-06-2026 03:59,433,218,26.75,27.2,97.9,98.91,98.01,19.56,1.52,3.09,87.2,83.17,23.96
09-06-2026 04:00,484,245,36.3,40.33,99.9,97.84,96.04,31.69,1.09,0.83,48.55,56.94,61.54
09-06-2026 04:01,81,201,121.48,62.54,99.76,96.64,96.25,26.05,0.6,3.6,76.93,36.66,43.54
09-06-2026 04:02,266,90,68.01,93.96,99.4,98.8,98.36,21.16,1.84,3.5,74.67,86.01,25.56
09-06-2026 04:03,300,208,45.38,41.08,97.97,99.73,99.03,29.54,1.46,2.85,91.03,62.26,33.54
09-06-2026 04:04,320,139,122.21,76.1,98.11,96.58,98.94,5.4,1.41,4.85,52.82,45.27,57.87
09-06-2026 04:05,388,429,91.04,97.03,97.15,98.17,98.38,35.19,0.37,4.02,61.45,55.78,14.88
09-06-2026 04:06,138,187,108.03,66.25,97.92,99.19,97.36,7.48,0.63,4.68,83.8,93.82,52.1
09-06-2026 04:07,377,163,44.3,11.78,98.13,97.13,96.93,37.72,0.87,4.4,65.41,46.06,31.69
09-06-2026 04:08,99,407,63.35,70.98,97.21,97.18,96.79,39.37,1.57,3.69,28.71,80.76,63.9
09-06-2026 04:09,297,443,56.12,34.87,98.25,99.74,95.32,23.15,0.37,4.86,28.5,56.23,60.34
09-06-2026 04:10,474,258,87.56,16.66,98.76,98.21,98.48,27.07,1.1,3.48,30.8,68.7,17.91
09-06-2026 04:11,279,59,58.65,18.29,98.74,98.56,98.05,14.36,0.04,4.83,38.82,73.94,58
09-06-2026 04:12,97,365,60.68,34.4,98.73,99.36,99.45,8.71,0.32,4.73,75.24,87.39,20.2
09-06-2026 04:13,327,395,111.15,71.21,98.18,96.55,97.74,13.86,0.91,4.79,49.93,84.59,19.14
09-06-2026 04:14,337,301,147.01,19.17,97.02,97.93,95.44,31.19,1.83,2.23,39.4,58.24,59.26
09-06-2026 04:15,459,442,96.63,65.2,98.85,97.3,98.36,8.2,0.41,4.4,75.4,30.89,23.63
09-06-2026 04:16,415,108,30.03,92.01,98.03,97.9,96.01,25.9,1.19,1.92,44.98,87.52,33.75
09-06-2026 04:17,213,358,90.75,28.03,98.79,98.95,98.47,23.25,0.15,1.92,89.06,67.99,45.37
09-06-2026 04:18,418,323,138.98,87.38,97.1,99.1,96.93,35.58,1.28,4.18,57.46,64.78,15.83
09-06-2026 04:19,384,131,74.52,55.01,99.28,98.48,95.95,25.66,0.82,2.4,22.12,43.65,26.08
09-06-2026 04:20,52,281,73.14,93.16,97.32,98.2,98.7,37.99,1.5,3.63,81.99,59,65.44
09-06-2026 04:21,178,235,140.19,49.9,98.6,97.34,98.49,7.68,1.75,4.16,36.2,82.61,63.98
09-06-2026 04:22,159,216,85.73,94.7,99.54,96.84,96.85,24.37,1.01,1.05,84.41,74,67.84
09-06-2026 04:23,463,352,21.72,36.63,98.33,97.86,98.39,18.47,0.98,2.21,75.55,86.09,44.89
09-06-2026 04:24,157,57,58.58,58.72,98,97.87,98.44,35.86,0.25,3.21,63.66,37.7,20.89
09-06-2026 04:25,60,245,41.7,31.94,97.78,97.61,98.52,25.02,1.97,2.13,76.54,86.65,55.92
09-06-2026 04:26,473,214,117.97,28.33,97.95,98.3,97.7,5.77,1.89,3.51,57.18,90.65,37.93
09-06-2026 04:27,393,321,86.6,20.29,99.22,98.74,98.63,38.3,1.56,3.1,84.3,73.76,35.61
09-06-2026 04:28,78,156,48.85,74.32,99.56,98.91,98.28,31.34,0.94,4.38,35.26,38.28,26.41
09-06-2026 04:29,248,245,86.37,83.85,98.17,98.1,95.06,19.34,1.3,0.18,41.07,43.52,8.15
09-06-2026 04:30,55,243,43.62,76.88,99.46,98.3,99.61,20.77,1.03,4.95,37.37,91.27,8.21
09-06-2026 04:31,372,378,29.1,75.63,98.76,98.83,96.76,17.93,0.1,1.81,89.7,54.65,67.35
09-06-2026 04:32,305,88,68.52,66.88,97.28,96.84,95.23,25.34,0.86,2.79,59.08,52.76,55.81
09-06-2026 04:33,258,394,107.25,65.84,99.15,97.06,95.92,36.16,1.5,4.55,76.9,68.82,54.06
09-06-2026 04:34,341,284,102.21,24.08,98.37,98.86,96.27,12.08,0.63,1.28,36.12,57.62,73.09
09-06-2026 04:35,349,434,44.43,16.93,99.02,97.76,98.86,28.08,1.59,1.43,71.93,47.16,75.43
09-06-2026 04:36,271,100,62.19,34.26,97.55,98.79,96.03,25.84,0.54,3.34,81.12,80.57,62.06
09-06-2026 04:37,375,379,120.58,77.31,97.44,97.22,97.18,14.24,0.84,4.45,81.82,70.95,69.36
09-06-2026 04:38,225,429,75.77,28.1,98.49,98.93,97.05,28.34,0.2,3.77,80.95,75.94,77.54
09-06-2026 04:39,76,315,137.4,94.02,99.32,98.73,95.03,21.3,1.15,1.59,43.86,92.48,71.88
09-06-2026 04:40,454,343,60.59,11.42,97.05,99.52,98.32,15.81,0.27,2.61,20.4,91,36.11
09-06-2026 04:41,174,177,70.78,16.24,98.85,98.92,98.18,9.85,1.16,2.89,85.13,54.64,32.86
09-06-2026 04:42,77,236,102.3,52.24,98.28,98.13,99.05,21.14,1.88,2.57,91.19,84.13,32.18
09-06-2026 04:43,231,249,34.31,93.25,98.83,96.68,98.03,39.1,0.15,2.82,76.08,82.67,36.04
09-06-2026 04:44,153,445,79.17,70.1,99.43,97.06,95.09,32.27,1.22,3.53,82.86,82.18,77.07
09-06-2026 04:45,180,195,83.5,46.17,97.45,98.39,96.3,37.25,1.17,3,46.62,33.38,7.38
09-06-2026 04:46,345,248,98.89,89.29,99.56,98.67,95.99,35.2,1.77,1.06,75.31,48.62,65.2
09-06-2026 04:47,468,218,23.9,90.76,98.81,99.71,97.19,34.66,0.13,1.74,25.03,93.4,66.27
09-06-2026 04:48,113,337,141.94,17.66,98.12,96.73,95.99,13.03,0.94,1.42,27.57,40.89,16.05
09-06-2026 04:49,436,332,118.71,97.1,98.28,97.42,98.75,16.42,0.61,1.24,29.73,46.67,31.65
09-06-2026 04:50,174,52,28.13,28.95,99.35,96.98,96.61,35.26,0.32,0.51,56.34,49.66,47.26
09-06-2026 04:51,145,229,37.83,62.26,98.47,96.98,97.93,14.58,0.98,0.5,54.47,49.92,66.68
09-06-2026 04:52,155,220,74.42,51.26,99.1,98.4,98.14,32.2,1.73,1.64,60.35,84.61,79.21
09-06-2026 04:53,442,79,68.29,27.56,98.42,98.95,97.32,21.91,1.68,1.87,84.48,56.44,29.62
09-06-2026 04:54,245,226,119.12,21.34,97.57,99.64,95.82,24.87,1.16,2.5,68.36,44.94,46.45
09-06-2026 04:55,330,372,106.02,22.71,98.66,97.11,96.31,12.65,0.37,4.15,41.43,90.26,77.74
09-06-2026 04:56,121,357,38.59,43.71,99.31,97.71,95.41,24.49,1.69,4,33.13,73.73,21.54
09-06-2026 04:57,303,252,133.63,32.47,97.76,96.5,99.09,32.74,1.26,3.78,31.4,59.79,31.34
09-06-2026 04:58,322,447,83.2,92.87,97.12,97.46,95.98,13.34,1.82,2.39,54.97,79.44,16.59
09-06-2026 04:59,51,285,75.9,63.72,99.9,99.04,96.87,33.96,0.35,0.25,35.33,52.13,43.29
09-06-2026 05:00,165,182,138.38,55.89,98.45,96.67,95.16,24.29,0.88,4.21,32.05,31.62,38.68
09-06-2026 05:01,314,327,26.45,75.21,97.32,98.51,96.32,11.07,0.77,4.03,49.41,78.8,14.41
09-06-2026 05:02,322,260,131.34,85.16,99.69,97.71,96.49,31.23,0.87,0.53,41.21,57.21,26.94
09-06-2026 05:03,198,154,58.19,13.73,98.85,98.47,98.07,11.73,0.6,3.14,64.97,62.91,31.28
09-06-2026 05:04,226,338,64.17,51.01,98.97,98.29,96.63,20.25,1.59,1.46,30.67,50.36,68.72
09-06-2026 05:05,475,249,148.92,58.69,99.86,99.6,97.13,11.95,0.34,1.28,73.26,47.74,30.61
09-06-2026 05:06,286,64,138.72,27.05,97.01,96.7,99.25,27.66,0.55,0.97,42.07,37.46,75.61
09-06-2026 05:07,162,310,80.11,87.85,97.72,98.87,99.02,17.49,1.52,1.55,42.41,36.96,38
09-06-2026 05:08,115,197,142.23,64.34,99.5,99.21,95.81,22,0.24,3.44,91.24,38.91,60.04
09-06-2026 05:09,74,316,95.87,45.11,98.03,96.65,96.02,5.53,1.17,0.62,85.48,64,57.48
09-06-2026 05:10,89,281,92.88,94.84,97.24,97.34,98.67,8.46,0.16,1.87,26.91,68.03,21.97
09-06-2026 05:11,108,279,121.86,72.97,98.79,99.35,96.05,35.56,1.58,3.77,62.09,46.01,36.77
09-06-2026 05:12,143,142,146.06,48.81,98.01,96.67,95.25,29.22,0.92,1.21,66.05,46.44,48.32
09-06-2026 05:13,231,444,116.87,16.88,99.6,99.12,95.74,6.81,1.12,0.86,82.59,53.29,73.47
09-06-2026 05:14,212,405,43.75,22.56,98.67,99.01,98.67,14.65,0.42,0.18,70.94,34.98,36.56
09-06-2026 05:15,467,65,141.82,38.06,97.72,98.66,97.91,16.62,1.86,4.24,36.8,45.54,43.42
09-06-2026 05:16,112,278,106.03,16.91,98.03,98.32,96.9,34.18,1.63,3.1,48.01,46.6,12.94
09-06-2026 05:17,337,203,73.71,70.82,98.91,96.73,96.86,11.36,0.32,4.15,23.14,57.25,17.62
09-06-2026 05:18,286,233,92.42,30.82,98.46,98.91,99.5,12.72,1.77,4.68,88.73,71.3,52.24
09-06-2026 05:19,335,269,89.07,70.97,98.24,98.91,98.88,10.13,1.67,2.75,83.35,58.03,33.43
09-06-2026 05:20,456,45,52.65,85.98,98.4,98.2,96.45,25.06,0.66,0.29,40.4,30.41,78.38
09-06-2026 05:21,437,376,114.69,41.12,98.95,99.16,99.45,19.01,1.57,1.4,94.27,31.68,50.26
09-06-2026 05:22,136,309,109.45,20.83,99.72,97.1,97.93,12.79,0.62,2.78,51.29,40.41,17.82
09-06-2026 05:23,417,64,123.64,75.18,99,97.62,98.78,6.83,0.33,1.74,25.76,45.27,67.26
09-06-2026 05:24,263,212,59.6,33.81,97.81,97.42,95.17,37.44,0.44,2.16,20.73,85.77,59.84
09-06-2026 05:25,193,301,121.61,38.23,97.72,98.8,96.71,24.82,0.02,0.4,60.15,66.79,61.36
09-06-2026 05:26,240,406,86.71,27.5,97.27,97.85,95.77,12.76,0.64,1.37,26.57,35.84,19.49
09-06-2026 05:27,167,388,101.44,35.86,97.81,97.6,98.12,35.47,1.52,3.66,56.33,75.1,46.46
09-06-2026 05:28,155,60,124.71,78.41,97.45,96.99,96.26,17.64,0.82,3.43,24.25,32.25,34.39
09-06-2026 05:29,83,180,52.05,97.84,98,97.61,96.47,9.27,0.23,3.28,85.63,81.38,15.58
09-06-2026 05:30,337,427,33.73,14.08,98.9,98.27,95.39,6.22,1.98,0.25,53.34,62.8,13.8
09-06-2026 05:31,208,423,119.02,55.64,98.85,99.75,98.61,20.2,0.9,3.13,69.9,62.55,53.36
09-06-2026 05:32,472,284,75.85,35.1,97.37,96.83,97.84,23.33,0.51,2.41,56.92,42.68,53.91
09-06-2026 05:33,230,145,122.89,64.22,98.48,96.7,96.35,8.26,1.93,0.76,31.38,87.82,75.79
09-06-2026 05:34,354,183,20.7,10.12,98.1,96.97,95.09,21.24,1.89,1.69,69.59,72.4,23.83
09-06-2026 05:35,295,247,47.6,20.98,99.03,96.87,99.69,11.42,1.19,2.12,29.48,31.81,51.7
09-06-2026 05:36,275,215,23.62,66.82,98.24,98.31,95.82,15.36,1.33,4.83,23.78,87.87,48.27
09-06-2026 05:37,174,398,85.04,16.25,97.26,98.48,96.6,37.1,0.82,0.8,73.6,49.07,44.41
09-06-2026 05:38,385,395,98.71,37.71,99.43,98.53,97.73,13.88,1.52,0.5,89.32,51.18,14.58
09-06-2026 05:39,280,245,114.74,39.12,98.93,98.34,96.61,9.71,0.2,4.17,88.88,72.24,12.76
09-06-2026 05:40,421,382,114.76,80.18,97.34,96.5,98.35,17.48,0.52,0.16,60.52,85.32,76.82
09-06-2026 05:41,340,172,86.88,17.66,98.59,97.75,97.85,18.61,0.49,0.57,43.62,36.28,18.27
09-06-2026 05:42,103,383,72.61,17.89,97.19,99.44,97.18,16.2,0.96,1.66,56.68,85.87,49.42
09-06-2026 05:43,161,200,102.21,21.55,98.68,98.79,98.29,31.37,1.75,2.55,74.77,70.25,19
09-06-2026 05:44,237,125,59.98,54.28,99.31,97.27,96.06,24.29,1.05,1.48,42.36,48.06,62.86
09-06-2026 05:45,489,250,128.21,97.79,98.38,96.72,95.23,15.35,1.87,2.66,40.38,55.95,49.89
09-06-2026 05:46,418,259,136.73,82.89,98.69,98.91,96.71,27.43,0.94,1.03,72.63,66.17,31.9
09-06-2026 05:47,166,85,115.21,93.17,99.83,99.25,96.42,38.83,1.26,4.66,70.71,49.97,32.75
09-06-2026 05:48,264,318,61.34,62.18,98,99.19,97.19,7.69,0.34,0.4,57.45,36.91,13.56
09-06-2026 05:49,142,212,34.97,89.49,98.2,97.78,98.1,20.47,1.3,0.4,81.03,91.13,53.66
09-06-2026 05:50,259,208,43.47,33.62,98.52,96.87,99.08,15.41,0.33,3.41,22.86,70.3,57.36
09-06-2026 05:51,309,40,25.46,42.73,97.29,96.88,96.2,15.34,1.06,3.42,64.46,39.64,17.91
09-06-2026 05:52,462,55,92.59,88.29,98.08,98.53,97.46,16.17,0.95,2.56,35.06,50.48,64.36
09-06-2026 05:53,317,261,66.77,37.63,97.57,98.74,96.52,39.57,0.66,2.03,65.25,82.11,40.21
09-06-2026 05:54,451,134,149.43,10.94,99.6,96.99,98.69,26.63,0.69,4.38,20.97,44.73,47.52
09-06-2026 05:55,166,310,99.35,12.17,97.34,96.92,95.89,21.08,1.51,4.54,82.65,42.8,38.09
09-06-2026 05:56,428,249,54.38,55.32,97.2,97.22,99.4,21.31,0.9,0.17,38.55,86.31,17.35
09-06-2026 05:57,273,259,21.86,53.05,97.06,99.2,98.88,32.57,0.57,4.2,60.72,54.3,51.9
09-06-2026 05:58,172,406,38.58,76.81,97.71,98.47,96.81,34.92,1.91,4.43,40.3,42.62,40.58
09-06-2026 05:59,228,124,23.36,59.8,98.51,99.78,95.95,14.03,0.24,4.6,78.34,83.45,72.71
09-06-2026 06:00,162,40,62.95,63.03,98.32,97.99,99.4,39.44,1.6,3.81,71.04,40.79,9.43
09-06-2026 06:01,183,64,38.53,44.39,98.61,96.75,95.02,28.47,1.29,2.11,56.72,57,6.8
09-06-2026 06:02,117,341,148.51,13.73,99.81,98.31,99.53,9.02,0.99,0.93,23.82,70.14,20.58
09-06-2026 06:03,350,409,63.16,80.35,98.27,98.57,98.04,34.53,0.66,3.47,92.12,77.47,41.74
09-06-2026 06:04,242,90,116.16,65.1,97.05,97.14,98.81,14.54,1.47,1.92,59.14,34.42,18.59
09-06-2026 06:05,86,449,135.72,68.7,98.33,98.73,97.91,24.9,0.13,3.2,77.67,94.62,5.83
09-06-2026 06:06,488,253,134.35,91.63,99.88,97.19,96.67,28.42,0.97,2.15,46.84,68.6,48.17
09-06-2026 06:07,274,444,81.33,59.81,98.65,97.19,98.49,5.88,0.72,3.92,62.29,46.98,57.12
09-06-2026 06:08,158,352,123.51,76.15,98.77,98.11,95.63,14.15,0.84,3.04,58.53,48.73,5.48
09-06-2026 06:09,183,370,57.13,76.11,97.07,98.43,99.42,11.1,0.95,0.55,66.93,65.78,35.55
09-06-2026 06:10,286,74,136.55,27.67,97.07,99.34,97.71,36.17,1.2,4.07,52.23,78.74,73.48
09-06-2026 06:11,178,81,43.5,34.19,97.58,97.31,96.44,24.43,1.18,2.19,66.16,35.3,11.58
09-06-2026 06:12,59,69,112.94,62.11,97.04,97.69,97.84,18.56,1.73,1.61,42.02,47.29,29.96
09-06-2026 06:13,426,347,111.91,69.63,99.34,99.42,98.84,5.66,1.47,1.12,29.97,71.5,28.98
09-06-2026 06:14,305,48,37.89,10.08,99.62,96.58,95.98,19.57,0.72,4.57,23.02,63.29,56.04
09-06-2026 06:15,109,318,100.65,82.34,97.24,97.77,96.76,36.02,0.31,0.84,44.64,33.54,18.68
09-06-2026 06:16,202,52,75.66,66.88,99.11,97.71,95.69,12.23,0.63,3.22,49.87,30.44,44.26
09-06-2026 06:17,367,183,125.57,84.27,99.31,97.57,98.6,10.01,1.32,3.24,21.92,81.22,72.74
09-06-2026 06:18,281,218,52.31,38.52,99.35,99.39,96.42,35.05,1.72,3.85,31,74.87,75.88
09-06-2026 06:19,334,165,63.11,55.05,98.87,98.18,95.56,15.92,1.61,4.32,30.3,91.91,29.66
09-06-2026 06:20,233,398,117.74,83.08,99.74,97.53,99.03,9.61,1.41,3.74,70.83,46.4,70.48
09-06-2026 06:21,295,276,26.97,74.57,98.38,99.3,96.8,10.89,1.67,2.79,34.19,76.82,43.33
09-06-2026 06:22,432,248,79.92,84.58,99.41,98.84,95.5,34.36,1.35,3.52,47.22,87.15,59.4
09-06-2026 06:23,200,377,73.01,89.77,97.14,99.67,98.19,27.1,0.55,1.32,90.65,49.39,63.16
09-06-2026 06:24,401,228,38.1,10.96,98.58,99.72,96.73,17.5,0.69,2.65,53.05,87.19,42.91
09-06-2026 06:25,302,448,37.99,98.45,97.72,96.74,98.12,25.84,0.84,2.17,78.88,42.72,66.52
09-06-2026 06:26,171,167,74.47,51.22,97.74,98.98,97.41,16.23,1.2,4.98,52.64,89.84,30.88
09-06-2026 06:27,154,204,46.55,47.68,97.64,96.5,99.3,34.54,1.49,0.92,29.03,34.39,59.3
09-06-2026 06:28,498,422,75.97,20.72,98.49,97.65,96.76,26.75,1.44,0.64,22.67,94.63,22.45
09-06-2026 06:29,136,409,44.68,13.51,98.14,99.15,96.6,20.55,1.35,2.59,84.61,86.29,5.74
09-06-2026 06:30,299,393,79.9,99,98.4,99.76,98.55,13.7,1.08,4.96,84.31,36.33,57.98
09-06-2026 06:31,383,48,20.91,46.31,97.68,99.2,96.59,33.96,0.01,1.61,38.09,45.18,10.11
09-06-2026 06:32,132,358,27.99,30.15,98.05,97.95,99.59,33.28,1.48,2.73,83,52.06,58.17
09-06-2026 06:33,171,312,60.9,70.66,99.45,99.52,98.37,14.93,0.66,0.2,77.07,32.78,69.85
09-06-2026 06:34,247,360,144.21,32.23,99.49,97.06,99.01,5.46,1.03,3.87,90.11,89.1,66.47
09-06-2026 06:35,72,430,45.9,35.58,97.84,97.74,96.85,24.06,0.33,3.49,32.57,50.17,42.75
09-06-2026 06:36,375,189,116.13,68.1,97.45,98.31,95.41,18.21,0.83,0.3,40.55,92.12,76.52
09-06-2026 06:37,331,136,25.6,26.12,98.14,99.63,95.66,31.72,0.23,4.91,48.62,80.39,30.69
09-06-2026 06:38,128,106,44.96,23.14,99.72,99.53,99.17,26.89,1.62,0.44,45.11,50.39,52.67
09-06-2026 06:39,152,49,39.31,63.68,99.36,97.76,95.62,11.88,0.48,1.57,68.21,69.06,57.21
09-06-2026 06:40,64,101,127.12,28.37,98.36,99.14,95.85,8.85,1.77,1.78,71.29,31.65,56.75
09-06-2026 06:41,252,113,114.29,42.44,97.25,97.17,97.56,12.25,1.09,1.23,83.67,55.82,23.42
09-06-2026 06:42,186,363,140.39,24.55,99.8,97.18,98.49,24.13,1.77,2.81,60.09,42.7,17.47
09-06-2026 06:43,150,84,62.62,43.49,99.2,97.62,99.47,30.83,1.2,4.42,23.72,46.71,39.88
09-06-2026 06:44,296,58,31.32,53.86,99.01,97.36,97.93,34.03,0.39,4.59,61.52,49.45,37.31
09-06-2026 06:45,233,358,114.26,81.67,99.42,99.75,98.72,26.05,0.69,2.77,23.08,78.41,38.45
09-06-2026 06:46,74,305,28.13,44.87,98.69,98.03,97.91,21.81,1.33,1.17,28.46,68.77,41.35
09-06-2026 06:47,170,340,69.46,19.55,98.54,97.81,97.88,33.2,0.61,4.81,60.17,70.19,56.05
09-06-2026 06:48,285,321,86.43,48.59,97.16,96.57,96.68,16.68,0.78,0.78,75.36,85.7,75.4
09-06-2026 06:49,232,307,111.11,87,98.21,97.52,99.4,23.05,1,0.97,28.11,84.74,51.06
09-06-2026 06:50,422,90,44.93,59.99,98.69,97.18,99,7.95,0.72,3.43,40.56,83.8,60.49
09-06-2026 06:51,230,332,35.48,22.65,97.83,98.21,98.52,34.28,1.41,4.65,75.41,49.91,24.88
09-06-2026 06:52,315,179,45.07,18.34,98.54,99.21,95.48,32.72,1.63,2.46,24.3,41.35,58.06
09-06-2026 06:53,134,253,136.79,62.44,97.36,96.9,98.39,11.43,0.66,2.49,21.86,46.17,35.59
09-06-2026 06:54,299,178,37.73,75.52,99.36,97.35,98.64,18.49,1.02,4.29,76.25,82.33,15.26
09-06-2026 06:55,216,59,139.94,55.21,97.95,98.93,95.17,21.62,0.68,4.61,20.9,65.93,60.55
09-06-2026 06:56,457,90,31.1,97.52,98.5,98.53,96.11,21.92,0.86,0.47,27.96,84.44,22.99
09-06-2026 06:57,332,113,85.64,79.19,97.18,98.4,95.56,6.28,0.11,4.19,28.85,32.93,37.84
09-06-2026 06:58,262,297,54.11,47.95,97.12,97.98,97.71,24.98,0.67,1.65,28,53.84,12.46
09-06-2026 06:59,485,216,145.62,97.31,99.51,98.48,98.29,14.98,1.27,2.33,56.15,79.26,26.14
09-06-2026 07:00,370,179,140.2,15.06,98.41,99.51,97.87,24.12,0.51,1.78,83.9,66.35,43.61
09-06-2026 07:01,125,425,22.08,96.73,98.09,98.49,95.37,28.91,1.87,2.92,29.46,67.81,62.48
09-06-2026 07:02,81,310,134.38,68.38,99.61,98.56,95.62,15.84,0.41,4.55,77.03,73.97,27.57
09-06-2026 07:03,289,267,118.34,52.67,97.65,98.53,95.19,16.42,0.94,0.82,93.85,43.59,14.78
09-06-2026 07:04,193,228,148.15,85.47,99.34,97.55,95.04,18.37,0.61,0.28,57.9,56.2,52.59
09-06-2026 07:05,333,351,35.7,97.93,97.54,97.97,97.29,33.46,0.21,2.2,67.14,43.99,52.06
09-06-2026 07:06,150,295,149.68,12.92,97.68,97.52,96.88,13.48,0.41,4.78,88.89,33.05,30.41
09-06-2026 07:07,264,137,124.24,49.11,99.52,97.1,99.45,12.66,0.66,3.81,49.53,69.53,38.34
09-06-2026 07:08,256,67,49.68,15.26,97.87,98.07,95.79,17.42,0.81,0.38,63.75,87.48,16.38
09-06-2026 07:09,98,333,123.44,16.97,97.82,98.43,96.21,37.69,0.27,4.01,58.1,78.77,28.3
09-06-2026 07:10,348,137,131.39,52.02,98.04,98.27,98.37,20.52,1.88,1.55,55.66,79.2,56.68
09-06-2026 07:11,163,281,82.47,16.19,98.59,97.88,99.13,12.14,1.65,2.83,24.1,93.17,43.45
09-06-2026 07:12,194,76,131.52,37.44,97.56,96.93,96.4,32.3,0.95,1.21,32.46,51.63,75.49
09-06-2026 07:13,374,94,148.46,53.67,97.52,99.44,97.16,29.84,1.97,0.35,27.25,76.83,26.14
09-06-2026 07:14,134,69,25.12,11.97,99.25,96.94,97.2,26.21,0.86,0.23,78.76,30.68,62.14
09-06-2026 07:15,146,260,122.96,98.8,97.73,98.18,99.27,32.48,0.98,4.73,24.29,90.51,8.79
09-06-2026 07:16,231,64,144.65,22.85,98.68,97.43,96.31,19.17,2,0.37,63.39,35.37,16.59
09-06-2026 07:17,176,276,86.36,33.29,97.92,96.79,96.43,38.83,1.89,1.74,62.81,89.12,5.46
09-06-2026 07:18,371,314,143.29,18.22,97.47,99.67,97.53,5.5,0.52,2.3,71.97,77.66,79.66
09-06-2026 07:19,422,285,89.97,58,98.18,97.06,99.59,34.87,1,3.06,37.04,65.35,57.12
09-06-2026 07:20,195,96,106.84,22,99.47,99.2,95.06,36.35,0.07,1.27,22.43,51.83,43.54
09-06-2026 07:21,332,250,63.94,73.49,97.54,98.98,96.11,10.02,0.38,0.99,58.46,84.91,10.97
09-06-2026 07:22,269,57,105.07,88.53,97.71,97.99,99.35,28.1,0.78,0.74,39.69,67.78,58.86
09-06-2026 07:23,249,294,97.95,59.53,98.49,98.78,98.94,16.3,1.78,0.89,32.98,47.34,13.96
09-06-2026 07:24,430,205,33.83,83.96,97.4,98.97,95.23,38.2,1.43,0.13,77.29,63.42,63.45
09-06-2026 07:25,157,161,122.22,46.46,97.01,99.3,96.79,22.36,0.03,2.51,93.99,48.09,34.66
09-06-2026 07:26,320,117,125.92,47.57,97.9,99.59,98.18,9.17,0.15,2.47,36.51,46.51,70.83
09-06-2026 07:27,187,270,113,34.4,99.2,98.88,95.03,22.82,0.29,4.34,85.37,57.19,38.33
09-06-2026 07:28,406,207,113.16,42.28,97.78,97.93,95.43,31.13,0.04,3.26,33.71,45.11,52.67
09-06-2026 07:29,307,288,121.1,30.33,97.51,99.36,97.09,9.8,1.73,4.1,93.79,89.13,68.88
09-06-2026 07:30,62,336,33.57,61.21,98.54,98.01,96.86,20.09,1.14,0.11,39.55,63.69,59.17
09-06-2026 07:31,166,223,91.09,74.3,98.29,96.59,97.11,15.38,1.86,0.71,68.94,33.43,38.46
09-06-2026 07:32,445,238,58.73,50.96,97.47,97.5,97.92,15.56,1.8,3.18,52.9,32.52,42.47
09-06-2026 07:33,98,91,54.52,82.61,97.73,99.22,95.4,35.32,1,1.55,39.88,58.08,79.93
09-06-2026 07:34,136,264,33.42,62.65,98.42,98.23,98.13,14.35,1.82,2.23,29.68,78.25,53.23
09-06-2026 07:35,399,353,100.8,29.79,98.29,99.47,95.63,18.53,1.64,4.85,54.04,62.95,47.91
09-06-2026 07:36,113,388,131.57,25.35,98.27,98.03,98.71,26.1,1.31,4.99,25.62,44.5,35.59
09-06-2026 07:37,151,85,22.81,18.26,98.97,99.4,97.42,23.87,0.52,3.86,76.38,68.24,20.95
09-06-2026 07:38,435,249,28.35,63.34,99.39,99.33,97.18,32.45,1.89,1.45,49.85,90.55,30.37
09-06-2026 07:39,226,426,82.12,41.98,98.98,98.69,98.36,14.39,0.64,0.71,69.16,32.59,49.83
09-06-2026 07:40,485,86,135.81,50.41,98.33,96.75,98.15,33.74,0.5,2.16,82.91,87.01,23.24
09-06-2026 07:41,166,238,45.02,19.17,99.64,99.21,98.57,6.71,1.69,2.25,45.68,65.52,11.85
09-06-2026 07:42,203,433,95.72,26.79,97.55,97.11,95.27,25.57,1.68,0.19,23.68,67.23,66.46
09-06-2026 07:43,274,112,56.93,99.53,99.8,97.95,96.22,34.34,1.43,3.47,86.98,74.81,26.28
09-06-2026 07:44,107,341,59.76,78.33,98.8,96.76,97.41,17.02,0.66,3.05,44.17,80.5,10.31
09-06-2026 07:45,131,126,125.2,70.55,98.44,99.64,96.41,5.67,0.87,0.26,91.55,43.64,64.17
09-06-2026 07:46,360,370,48.3,65.91,97.14,98.1,95.07,37.24,1.95,1.19,35.61,78.99,24
09-06-2026 07:47,256,439,94.61,41.57,99.41,98.13,99.28,37.48,0.34,0.11,93.79,88.9,9.16
09-06-2026 07:48,364,78,138.99,33.91,99.6,96.84,98.09,36.74,0.35,4.84,53.97,91.47,55.76
09-06-2026 07:49,50,227,44.48,37.34,97.27,96.97,95.49,19.8,1.59,0.79,29.77,71.82,19.79
09-06-2026 07:50,230,395,41.69,93.14,99.38,97.67,98.08,23.8,1.36,3.45,67.16,47.3,7.93
09-06-2026 07:51,134,312,135.83,61.25,99.41,99.77,95.77,29.21,1.35,4.9,93.92,74.63,23.27
09-06-2026 07:52,51,282,49.07,87.14,99.37,97.98,97.3,12.62,0.17,2.91,27.38,59.2,75.54
09-06-2026 07:53,118,340,51.11,66.17,98.37,99.39,96.28,5.13,0.33,1.81,43.68,81.44,56.04
09-06-2026 07:54,309,121,79.51,18.6,99.6,99.59,99.61,35.4,0.36,0.33,63.47,89.32,18.3
09-06-2026 07:55,161,352,47.49,33.87,98.92,99.69,99.3,22.6,1.59,0.77,93.31,92.68,17.28
09-06-2026 07:56,175,106,33.02,34.45,99.37,97.75,95.42,16.98,1.96,3.19,51.21,40.83,78.96
09-06-2026 07:57,360,432,22.41,22.93,98.91,98.9,98.7,13.53,0.62,2.47,24.74,69.72,78.78
09-06-2026 07:58,432,201,102.85,16.36,98.05,98.26,99.68,21.61,1.63,2.22,79.73,68.7,71.49
09-06-2026 07:59,499,50,101.9,47.56,97.42,96.81,95.08,35.57,0.48,1.14,75.2,50.8,42.95
09-06-2026 08:00,362,406,144.77,86.64,99.5,97.84,98.58,10.04,0.03,0.2,64,59.6,43.85
09-06-2026 08:01,219,206,117.03,23.1,99.55,97.39,99.62,18.4,0.36,1.82,53.01,34.51,48.37
09-06-2026 08:02,182,61,116.06,12.63,98.57,96.67,98.3,6.95,1.82,3.54,58.05,58.7,14.8
09-06-2026 08:03,435,408,132.96,91.4,97,98.46,98.38,26.66,0.17,1.17,38.78,84.06,39.74
09-06-2026 08:04,75,179,102.1,58.86,97.38,97.74,95.47,26.8,0.9,3.91,36.54,40.7,35.47
09-06-2026 08:05,318,265,112.35,47.7,98.5,96.78,99.63,28.32,0.58,2.97,28.21,92.78,18.11
09-06-2026 08:06,182,362,51.91,74.58,99.25,98.72,97.89,36.24,0.17,1.72,38.62,94.22,34.2
09-06-2026 08:07,405,178,109.01,29.09,97.69,97.43,96.93,13.2,0.05,4.41,92.42,52.2,30.39
09-06-2026 08:08,264,361,108.43,84.29,97.43,97.03,98.71,26.57,0.1,3.15,43.17,53.97,62.73
09-06-2026 08:09,298,360,72.05,95.24,98.18,99.05,97.27,36.41,1.82,0.53,90.24,83.66,64.35
09-06-2026 08:10,297,341,124.67,86.51,97.84,99.64,95.23,10.25,1.08,2.92,68.39,31.1,77.03
09-06-2026 08:11,80,50,38.6,11.26,98.64,99.58,98.13,33.79,0.04,2.76,54.47,62.43,10.42
09-06-2026 08:12,74,425,119.52,28.92,97.94,99.2,97.52,35.1,0.43,3.08,26.28,71.8,62.19
09-06-2026 08:13,327,398,52.92,82.33,99.37,99.73,97.36,20.92,1.51,0.75,61.02,65.51,11.71
09-06-2026 08:14,381,244,130.93,87.05,97.29,96.8,96.23,35.62,0.27,3.63,27.59,70.5,31.71
09-06-2026 08:15,64,331,32.56,34.67,97.93,99.02,98.77,18.48,0.84,0.32,41.69,59.33,13.77
09-06-2026 08:16,78,190,130.91,62.32,97.23,97.13,97.23,17.65,0.72,2.69,63.83,81.8,30.57
09-06-2026 08:17,200,277,27.21,59.88,98.7,99.58,98.41,37.12,1.82,3.06,59.58,66.23,78.37
09-06-2026 08:18,393,380,33.81,80.06,97.49,97.98,95.99,29.14,1.76,1.52,26.15,49.4,55.43
09-06-2026 08:19,476,267,56.15,26.6,98.44,97.41,98.44,7.68,1.33,1.26,56.7,48.6,59.21
09-06-2026 08:20,150,237,139.22,62.51,98.34,99.2,98.21,11.42,1.64,2.2,34.17,48.32,25.06
09-06-2026 08:21,447,271,50.47,21.12,97.36,98.42,98.45,16.25,0.08,0.72,88.6,62.08,39.02
09-06-2026 08:22,377,443,114.72,57.53,97.59,96.86,96.8,34.3,1.73,3.05,74.57,37.49,49.11
09-06-2026 08:23,476,140,46.09,89.21,97.57,97.53,97.92,27.34,1.4,0.65,83.71,64.64,40.35
09-06-2026 08:24,243,162,116.25,20.62,99.19,96.81,95.13,19.13,1.99,0.96,70.45,41.27,59.36
09-06-2026 08:25,489,114,24.22,76.9,99.1,96.95,98.93,10.42,0.61,1.32,47.92,46.55,41.67
09-06-2026 08:26,58,160,148.25,15.03,97.41,96.67,97.94,6.91,1.67,2.61,59.53,66.5,17.81
09-06-2026 08:27,286,361,61.45,63.41,97.61,96.88,99.56,5.77,1.61,3.96,42.29,38.82,15.92
09-06-2026 08:28,278,415,103.56,80.45,99.72,98.78,95.73,13.52,1.69,1.13,25.44,75.71,35.19
09-06-2026 08:29,211,434,104.53,18.14,99.75,97.35,96.58,19.08,0.11,2.53,29.25,56.06,31.3
09-06-2026 08:30,310,344,54.83,56.82,98.64,96.55,98.67,17.66,0.82,4.07,48.45,33.07,18.23
09-06-2026 08:31,181,403,70.73,62.07,99.64,98.33,95.82,18.25,1.69,3.26,68.8,86.34,72.05
09-06-2026 08:32,238,405,48.74,75.63,98.45,97.87,95.8,11.56,0.03,0.55,61.76,87.97,26.54
09-06-2026 08:33,76,143,35.03,44.98,97.11,99.53,98.16,39.68,1.77,2.42,58.98,42.39,39.65
09-06-2026 08:34,481,297,26.61,87.72,97.99,99.47,99.42,28.48,1.33,2.32,82.67,92.5,63.13
09-06-2026 08:35,295,392,129.68,27.54,99.4,98.36,98.58,29.98,0.42,2.89,85.08,58.09,77.49
09-06-2026 08:36,147,176,38.56,45.05,99.76,97.56,99.08,35.84,0.71,0.51,74.34,50.25,63.72
09-06-2026 08:37,57,334,83.08,80.01,98.11,97.96,96.77,17.86,1.06,4.06,47.13,64.08,55.3
09-06-2026 08:38,270,48,64.48,27.5,98.63,97.54,95.4,28.98,1.42,1.86,25.75,57.71,38.18
09-06-2026 08:39,418,272,73.13,52,97.15,96.62,98.37,23.83,1.02,1.29,75.86,40.94,19.25
09-06-2026 08:40,437,292,57.22,32.27,98.87,98.65,98.88,19.62,0.16,1.44,93.5,68.76,58.23
09-06-2026 08:41,152,435,21.31,23.39,99.25,97.97,97.1,38.43,1.84,1.62,35.68,85.15,72.95
09-06-2026 08:42,179,180,101.83,33.12,99.32,98.59,97.37,7.1,1.83,3.12,34.45,69.42,55.81
09-06-2026 08:43,202,372,113.35,62.33,99.75,96.68,95.5,11.08,1.38,3.26,86.9,77.64,43.13
09-06-2026 08:44,111,148,54.59,84.99,98.24,98.64,98.42,27.18,0.29,2.27,62.11,85.19,38.27
09-06-2026 08:45,411,420,108.95,89.42,97.59,99.38,95.28,36.1,0.66,1.64,58.41,91.14,8.58
09-06-2026 08:46,349,371,44.64,21.31,97.9,99.42,98.64,30.73,1.6,1.42,86.56,38.92,30.23
09-06-2026 08:47,231,288,40.4,95.28,99.22,97.39,97.78,30.25,1.88,4.42,58.64,80.35,47.16
09-06-2026 08:48,182,318,34.92,21.35,98.54,97.39,95.1,30.3,0.07,3.02,60.44,92.97,41.32
09-06-2026 08:49,336,162,91.72,85.7,99.89,97.92,96.51,36.73,0.39,3.12,50.43,32.67,31.05
09-06-2026 08:50,93,167,109.19,95.39,97.78,99.18,95.26,23.83,0.15,4.68,77.48,72.77,66.79
09-06-2026 08:51,407,365,145.96,74.26,99.68,98.21,95.55,23.49,0.26,3,56.19,70.47,5.75
09-06-2026 08:52,311,311,83.87,95.55,98.11,97.9,98.36,26.13,0.6,2.11,36.33,92.79,14.8
09-06-2026 08:53,73,350,23.36,29.96,99.26,97.16,95.38,21.61,0.03,0.52,80.57,80.15,73.64
09-06-2026 08:54,72,122,108.81,14.71,99.27,99.29,98.76,22.8,0.47,4.24,74.54,93.75,16.68
09-06-2026 08:55,408,235,47.53,81.33,97.54,96.72,99.69,5.87,1.67,1.89,83.12,66.05,72.62
09-06-2026 08:56,110,65,29.8,32.53,98.94,99.43,97.16,26.24,0.39,4.04,92.55,47.46,42.11
09-06-2026 08:57,202,264,92.69,55.25,97.42,97.96,96.57,23.26,1.18,0.14,77.08,76.35,32.47
09-06-2026 08:58,488,405,118.14,95.97,97.7,97.57,95.86,25.19,0.32,1.85,72.28,66.41,33.98
09-06-2026 08:59,138,193,93.07,10.53,97.23,99.41,95.37,29.74,1.84,1.43,47.79,66.98,71.13
09-06-2026 09:00,402,105,116.14,17.8,98.94,97.85,97.21,6.72,0.39,3.97,54.05,49.61,33.8
09-06-2026 09:01,368,408,117.37,34.51,97.34,97.33,99.33,25.36,1.07,3.02,47.45,82.46,44.25
09-06-2026 09:02,251,369,36.78,58.32,99.72,97.52,99.09,31.74,0.5,0.28,27.64,77.35,19.98
09-06-2026 09:03,174,118,85.22,75.29,97.33,97.84,97.28,23.93,1.64,0.94,80.59,75.04,46.69
09-06-2026 09:04,88,178,126.31,59.44,99.7,99.63,95.33,20.97,1.22,1.35,50.53,74.05,22.01
09-06-2026 09:05,348,237,136.32,34.09,98.19,99.47,99.21,29,1.72,0.53,84.87,50.84,18.37
09-06-2026 09:06,409,123,74.34,32.61,97.93,96.95,96.39,25.03,0.89,1.8,75.98,88.08,61.76
09-06-2026 09:07,432,435,116.78,23.68,97.38,97.64,98.8,13.62,0.14,0.75,84.41,71.2,23.99
09-06-2026 09:08,75,233,88.59,68.99,97.68,99.35,96.45,29.29,0.04,1.93,46.38,65.33,10.46
09-06-2026 09:09,236,437,73.98,35.52,97.82,98.09,98.38,17.56,1.22,1.97,42.84,31.62,5.29
09-06-2026 09:10,140,432,72.83,86.61,99.32,97.38,96.15,12.96,0.69,2.54,52.9,44.19,14.78
09-06-2026 09:11,216,240,40.02,73.48,97.71,98.05,97.78,36.04,1.78,3.75,22.64,67.38,63.99
09-06-2026 09:12,377,420,145,82.65,98.33,97.24,99.39,17.06,0.33,2.86,90.78,30.25,22.86
09-06-2026 09:13,243,215,42.24,20.19,98.65,99.34,97.24,39.81,1.36,0.46,94.46,56.51,26.56
09-06-2026 09:14,455,359,59.56,17.78,97,97.98,98.93,25.03,2,1.51,41.03,40.38,17.3
09-06-2026 09:15,336,208,90.72,60.38,98.51,98.52,96.24,15.05,1.03,4.05,23.74,69.22,65.51
09-06-2026 09:16,279,140,78.94,99.04,97.16,97.67,97.26,22.61,0.64,3.67,85.61,91.02,65.38
09-06-2026 09:17,481,72,91.57,84.33,97.88,97.81,96.49,21.36,0.58,4.81,43.46,36.37,44.51
09-06-2026 09:18,446,437,34.37,29.75,98.35,97.93,98.76,30.88,0.86,1.74,43.74,80.31,8.91
09-06-2026 09:19,450,59,124.98,55.78,97.16,98.27,99.4,25.92,1.62,4.02,89.91,80.06,61.08
09-06-2026 09:20,291,169,27.79,56.58,97.36,99.68,96.36,34.85,0.78,1.68,90.14,53.62,34.27
09-06-2026 09:21,215,418,107.16,36,98.7,98.45,98.38,31.08,1.03,1.72,82.81,50.14,43.06
09-06-2026 09:22,375,373,131.16,48.87,98.12,98.78,97.83,8.75,1.02,3.7,94.41,70.89,32.77
09-06-2026 09:23,105,317,133.47,83.31,97.68,97.16,98.36,16.02,0.62,0.85,39.8,57.79,59.96
09-06-2026 09:24,465,221,62.72,35.64,98.39,97.1,97.28,29.65,0.07,0.15,25.63,64.82,69.08
09-06-2026 09:25,480,370,141.77,19.57,99.44,98.09,98.1,22.87,0.96,4.19,76.69,61.42,13.37
09-06-2026 09:26,153,209,124.2,57.65,98.4,98.75,99.04,27.01,1.53,3.85,46.72,47.82,65.09
09-06-2026 09:27,58,229,137.43,16.27,97.17,99.56,98.05,18.29,1.51,3.39,59.84,36.43,65.91
09-06-2026 09:28,97,279,42.38,86.55,99.55,98.31,98.08,18.38,0.57,3.64,84.64,72.52,43.37
09-06-2026 09:29,363,314,26.95,50.11,97.14,98.38,96.8,31.5,0.62,3.01,60.33,30.31,10.43
09-06-2026 09:30,82,440,134.69,23.23,99.06,99.71,98.72,13.5,1.82,0.56,55.11,87.69,53.09
09-06-2026 09:31,108,216,111.34,96.04,98.54,97.82,99.48,27.47,0.6,0.72,83.19,53.54,54.54
09-06-2026 09:32,248,310,45.86,64.15,97.18,97.86,97.57,20.26,1.5,4.16,77.84,32.52,19.56
09-06-2026 09:33,69,72,141.53,85.15,99.44,97.5,97.02,21.47,0.32,0.25,91.02,45.65,23
09-06-2026 09:34,151,349,140.71,62.18,98.93,99.51,96.62,26.75,0.09,1.02,82.34,79.84,31.3
09-06-2026 09:35,398,310,89.36,10.02,97.7,97.19,96.18,33.21,0.57,1.04,57.82,86.27,23.1
09-06-2026 09:36,461,346,136.24,30.53,99.15,97.52,99.04,29.52,0.81,0.47,74.95,70.1,5.22
09-06-2026 09:37,292,167,125.14,33.35,98.84,98,99.06,37.09,1.99,0.85,84.72,47.29,49.31
09-06-2026 09:38,60,359,22.34,93.95,97.23,98.77,98.69,32.84,0.28,2.29,82.21,49.67,40.08
09-06-2026 09:39,58,157,80.26,89.91,98.32,98.33,96.9,21.1,0.04,1.49,52.74,71.2,38.75
09-06-2026 09:40,448,378,70.45,31.81,99.68,98.22,95.06,5.68,1.95,1.19,80.42,33.79,74.09
09-06-2026 09:41,274,408,94.24,10.81,97.75,97.84,97.16,15.42,0.08,2.99,59.31,48.4,7.85
09-06-2026 09:42,460,112,140.02,72.04,97.37,97.68,97.78,34.25,0.1,1.26,86.73,30.6,20.1
09-06-2026 09:43,477,414,99.74,33.55,97.19,96.59,96.15,35.85,0.84,3.63,88.87,56.52,19.35
09-06-2026 09:44,357,140,138.05,82.39,97.19,98.79,97.69,36.76,0.25,2.72,85.96,56.65,41.15
09-06-2026 09:45,65,317,56.16,39.21,99.74,97.43,97.17,28.5,0.33,2.48,75.39,86.35,51.97
09-06-2026 09:46,376,432,36.42,95.12,97.38,99.06,96.24,37.68,1.44,3.79,36.43,58.8,51.34
09-06-2026 09:47,485,122,33.51,96.61,99.58,97.39,98.87,23.14,0.93,1.64,63.57,77.44,35.82
09-06-2026 09:48,141,164,110.91,74,97.15,99.34,97.15,14.18,0.49,2.47,86.51,54.59,61.23
09-06-2026 09:49,260,319,81.89,99.25,99.23,97.19,97.36,13.18,0.83,3.92,77.84,44.83,74.17
09-06-2026 09:50,160,297,69.39,55.17,98.75,98.35,97.29,22.67,0.36,4.08,60.63,38.52,62.46
09-06-2026 09:51,57,77,143.15,43.21,97.39,98.21,95.53,37.69,0.38,1.34,50.5,54.91,64.6
09-06-2026 09:52,72,87,29.26,86.88,99.27,96.84,95.5,8.54,0.03,2.79,93,58.51,45.56
09-06-2026 09:53,139,381,53.17,87.26,98.58,98.38,96.61,24.66,0.16,3.85,41.35,87.69,32.59
09-06-2026 09:54,298,426,110.46,24.81,99.19,99.69,98.66,5.79,1.2,3.51,81.91,33.64,41.01
09-06-2026 09:55,256,321,41.99,39.02,98.28,99.25,99.37,26.99,0.8,1.34,93.66,93.9,74.37
09-06-2026 09:56,314,178,62.35,83.53,98.19,97.58,98.5,7.79,0.11,2.29,53.42,88.22,14.46
09-06-2026 09:57,337,265,39.17,12.68,97.21,98.68,97.03,31.73,1.99,3.33,23.78,36.8,71.08
09-06-2026 09:58,406,422,127.23,87.1,99.69,99.63,97.61,16.94,1.92,2.78,24.82,71.78,49.08
09-06-2026 09:59,180,88,104.91,41.41,99.8,99.15,97.96,15.25,0.75,3.38,25.4,46.68,58.54
09-06-2026 10:00,99,217,39.69,49.77,99.24,97.37,95.03,28.4,1.95,3.07,28.99,50.85,70.07
09-06-2026 10:01,253,440,99,46.24,97.6,99.18,98.49,28.16,0.48,0.58,63.21,65.99,19.13
09-06-2026 10:02,276,220,30.49,99.35,99.27,99.54,95.92,38.62,0.29,2.59,82.23,52.74,36.86
09-06-2026 10:03,380,266,79.14,52.37,99.05,99.6,96.55,6.48,1,2.77,32.63,79.43,78.87
09-06-2026 10:04,222,193,45.62,88.78,99.04,98,97.54,34.74,0.97,1.93,56.99,67.64,19.18
09-06-2026 10:05,449,418,107.64,66.99,97.29,98.49,95.57,7.75,1.06,2.07,64.16,35.8,37.32
09-06-2026 10:06,153,381,148.32,60.5,98.99,97.57,95.45,39.16,0.58,2.18,68.74,31.61,65.77
09-06-2026 10:07,96,245,56.17,15.54,97.47,99.45,98.22,13.75,0.14,3.48,62.93,56.29,32.27
09-06-2026 10:08,108,203,84.44,39.95,97.21,96.8,97.04,17.45,1.04,1.59,71.59,86.16,27.41
09-06-2026 10:09,162,339,35.1,65.46,98.29,97.12,98.07,10.2,1.11,2.68,75.07,33.58,71.59
09-06-2026 10:10,72,313,48.1,26.51,98.25,99.2,98.96,23.22,1.72,0.13,22.64,89.27,63.15
09-06-2026 10:11,290,309,117.97,96.01,99.24,99.28,98.57,10.89,1.67,1.06,86.95,59.81,55.77
09-06-2026 10:12,316,68,149.86,64.7,98.17,97.24,96.21,21.78,0.74,4.58,47.62,54.27,33.77
09-06-2026 10:13,445,94,128.29,72.84,97.85,97.61,96.45,5.7,1.17,3.52,84.04,39.11,45.81
09-06-2026 10:14,126,426,32.36,14.88,99.1,96.77,98.37,13.74,1.76,4.08,91.84,87.44,75
09-06-2026 10:15,240,228,42.13,34.45,97.62,98.49,97.37,35.35,1.91,2.08,57.98,93.15,25.72
09-06-2026 10:16,343,161,143.03,47.35,97.95,98.5,99.37,34.29,1.99,0.21,28.46,69.62,66.54
09-06-2026 10:17,91,51,117.29,80.55,97.94,98.88,98.09,38.57,1.86,3.97,74.25,47.81,68.45
09-06-2026 10:18,435,238,55.39,44.57,99.42,96.99,97.14,22.23,0.08,1.06,82.01,84,26.93
09-06-2026 10:19,307,314,96.82,99.03,97.48,96.65,98.66,13.84,1.66,3.55,90.93,56.58,54.65
09-06-2026 10:20,313,262,53.18,70.81,98.57,97.27,97.7,33.75,0.07,3.19,46.22,49.02,34.44
09-06-2026 10:21,60,383,128.19,34.73,99.13,96.81,99.47,26.78,1.42,1.56,50.91,44.55,74.94
09-06-2026 10:22,476,375,101.96,76.08,98.08,98.88,98.18,29.7,0.98,1.98,36.66,83.6,50.63
09-06-2026 10:23,253,45,142.72,14.31,99.47,99.79,99.17,33.37,0.75,1.23,75.11,49.8,18.2
09-06-2026 10:24,227,412,60.63,92.3,99.44,99.3,98.63,35.83,1.61,3.05,42.19,87.73,68.05
09-06-2026 10:25,199,439,78.29,38.85,99.16,99.71,97.06,35.14,1.14,0.87,71.8,63.37,53.8
09-06-2026 10:26,442,249,137.15,77.56,98.42,98.49,96.53,39.43,1.34,0.31,44.5,70.52,9.22
09-06-2026 10:27,103,177,78.5,39.94,98.27,97.37,95.77,29.12,1.03,1.08,43.97,68.47,10.42
09-06-2026 10:28,294,162,29.52,83.11,99.18,98.99,98.37,28.43,0.96,3.25,22.88,70.4,63.34
09-06-2026 10:29,130,69,66.48,34.97,98.86,98.79,99.09,16.98,1.54,2.85,86.21,64.31,43.82
09-06-2026 10:30,203,49,117.41,96.82,97.21,96.68,99.41,23.55,1.23,2.46,27.02,79.93,61.04
09-06-2026 10:31,365,335,128.92,16.51,99.56,97.35,97.79,37.76,1.36,2.13,71.72,52.36,25.79
09-06-2026 10:32,210,44,117.6,68.02,98.03,96.66,95.15,24.4,1.53,2.73,83.06,32.17,32.51
09-06-2026 10:33,365,341,78.15,16.51,99.77,97.24,99.33,19.91,1.97,2.81,89.81,30.35,61.12
09-06-2026 10:34,499,79,27.12,47.94,99.05,98.03,98.79,11.29,1.92,1.99,45.62,86.85,47.29
09-06-2026 10:35,139,98,114.51,62.19,97.47,98.72,95.63,33.21,1.98,1.95,53.36,33.02,6.03
09-06-2026 10:36,347,288,77.95,83.38,99.58,98.21,97.66,28.44,1.92,3.05,61.96,30.94,11.07
09-06-2026 10:37,318,158,141.71,88,99.85,98.24,98.7,34.41,1.3,1.76,55.25,85.76,27.39
09-06-2026 10:38,54,289,49.87,77.46,98.83,98.97,97.06,37.64,1.27,1.51,67.88,48.64,27.02
09-06-2026 10:39,200,250,130.82,55.03,98.97,97.79,96.24,38.41,1.21,4.68,35.26,39.55,69.19
09-06-2026 10:40,362,403,44.26,34.24,99.32,98,98.15,16.14,0.77,4.95,38.57,62.92,68.33
09-06-2026 10:41,459,416,73.98,65.36,98.4,98.02,96.7,25.53,1.25,3.3,25.28,71.02,76.49
09-06-2026 10:42,275,206,112.98,60.11,99.48,99.57,95.87,20.29,0.79,2.09,29.41,82.89,7.68
09-06-2026 10:43,240,214,79.24,64.51,99.01,97.76,99.08,24.89,0.88,0.43,54.85,83.35,51.09
09-06-2026 10:44,356,183,24.33,92.15,97.34,98.63,96.18,34.28,1.03,0.76,62.82,56.51,54.61
09-06-2026 10:45,156,417,57.68,11.31,98.67,97.83,96.76,11.4,0.87,4.92,42.33,68.98,63.24
09-06-2026 10:46,184,80,62.74,64.98,99.53,96.55,97.05,12.85,0.78,2.14,76,36.1,43.44
09-06-2026 10:47,80,244,126.94,28.9,98.14,97.54,96.88,10.27,1.01,4.03,53.12,61.89,68.66
09-06-2026 10:48,430,397,83.76,33.19,99.57,98.4,96.04,14.42,1.61,0.32,94.41,38.47,64.71
09-06-2026 10:49,264,131,83.99,89.26,98.2,98.27,95.23,5.08,0.5,3.43,29.09,37.39,35.82
09-06-2026 10:50,376,435,146.35,13.38,97.92,97.54,97.98,8.7,1.26,0.57,27.12,77.33,29.31
09-06-2026 10:51,425,118,54.13,20.97,98.48,98.43,96.69,21.64,0.73,3.24,87.59,40.65,33.61
09-06-2026 10:52,285,212,101.24,75.6,99.7,97.42,99.47,7.21,1.21,0.38,87.03,64.44,55.2
09-06-2026 10:53,397,366,39.54,13.47,99.55,97.54,95.61,21.4,1.2,0.25,40.62,32.13,36.53
09-06-2026 10:54,203,332,147.74,67.33,97.47,99.49,97.43,10.38,1.84,3.81,74.88,76.1,20.03
09-06-2026 10:55,270,130,78.14,37.88,98.4,97.57,98.94,15.42,1.32,0.77,71.51,89.36,50.64
09-06-2026 10:56,227,233,55.51,28.86,98.32,99.5,95.49,30.21,1.38,0.57,89.19,66.95,32.28
09-06-2026 10:57,353,315,53.46,72.42,97.12,99.27,97.11,27.28,0.45,3.42,77.92,60.76,51.33
09-06-2026 10:58,187,60,46.81,32.49,97.98,98.44,97.14,31.08,0.43,0.15,78.24,83.41,9.46
09-06-2026 10:59,413,282,51.93,19.84,99.3,96.83,96.28,34.93,0.7,4.87,93.48,47.44,8.07
09-06-2026 11:00,320,72,33.1,73.68,97.09,99.37,95.65,9.46,0.36,4.81,71.99,82.09,34.82
09-06-2026 11:01,375,175,50.48,53.26,98.6,98.58,96.21,38.2,0.35,4.83,21.11,61.27,30
09-06-2026 11:02,194,379,94.19,49.2,98.2,98.92,98.22,34.16,0.51,3.09,63.89,54.03,41.45
09-06-2026 11:03,264,56,121.1,76.49,99.59,97.98,97.49,19.55,1.7,1.23,37.98,54.22,22.28
09-06-2026 11:04,270,301,37.48,38.82,99.65,97.85,98.52,8.97,0.5,4.06,77.22,55.1,76.58
09-06-2026 11:05,205,433,45.81,54.53,99.15,99.04,97.35,15.68,1.95,3.35,50.62,48.23,59.83
09-06-2026 11:06,452,439,97.34,81.45,99.87,98.74,99.63,6.01,0.68,0.63,39.67,84.53,7.42
09-06-2026 11:07,403,432,93.73,60.5,98.38,99.11,95.63,15.87,1.24,3.49,50.31,86.9,36.16
09-06-2026 11:08,110,346,24.71,59.6,99.06,96.88,96.44,32.34,0.74,1.28,70.42,42.79,72.17
09-06-2026 11:09,337,415,111.85,54.96,99.52,96.92,98.19,25.02,0.97,2.51,74.15,90.95,11.84
09-06-2026 11:10,103,222,124.74,19.74,99.86,98.54,98.06,11.96,0.49,3.33,88.23,93.86,19.85
09-06-2026 11:11,390,320,132.88,36.52,97.01,97.24,96.6,39.68,1.05,1.1,45.11,51.47,6.48
09-06-2026 11:12,375,312,110.38,20.82,97.67,97.66,98.56,25.38,1.38,2.88,71.27,30.18,74.82
09-06-2026 11:13,214,52,72.81,79.39,98.26,99.62,97.2,35.62,1.62,4.91,89.49,88.38,59.87
09-06-2026 11:14,353,251,33.8,71.98,99.84,98.9,99.37,33.15,0.33,1.32,45.64,40.94,48.62
09-06-2026 11:15,108,290,118.99,48.1,97.01,97.53,97.48,16.35,0.23,2.27,38.99,89.1,12.63
09-06-2026 11:16,135,313,20.69,39.53,98.92,98.91,97.13,28.95,0.73,3.37,23.04,55.4,64.31
09-06-2026 11:17,461,261,21.39,66.05,98.2,99.34,96.18,39.34,1.23,3.99,26.42,41.92,61.88
09-06-2026 11:18,225,147,61.58,63.7,98.75,98.08,98.83,7.2,1.63,2.52,30.03,87.57,53.69
09-06-2026 11:19,379,250,24.37,22.7,98.77,97.09,96.06,5.88,1.45,4.07,79.76,38.29,72.75
09-06-2026 11:20,347,52,136.68,50.24,98.27,99.09,95.44,23.23,1.67,4.17,91.71,75.39,20.58
09-06-2026 11:21,350,398,82.32,56.23,97.7,96.91,97.76,31.75,1.99,3.82,79.52,70.07,78.94
09-06-2026 11:22,203,180,131.83,95.12,99.7,97.76,95.37,11.02,0.13,0.62,33.85,52.17,45.77
09-06-2026 11:23,470,133,47.42,70.53,99.04,98.34,99.25,8.88,0.36,2.2,29.5,66.81,34.88
09-06-2026 11:24,309,111,42.1,40.18,98.76,98.4,95.77,9.37,0.06,0.16,85.99,32.93,59.84
09-06-2026 11:25,121,366,32.75,49.27,99.79,99.25,97.3,31.69,1.67,1.81,86.91,60.58,44.59
09-06-2026 11:26,298,231,129.63,42.56,97.03,98.57,98.31,27.78,1.94,4.33,53.66,34.09,40.7
09-06-2026 11:27,335,224,116.66,62.27,98.13,97.06,96.07,25.14,0.85,2.62,32.8,73.09,68.94
09-06-2026 11:28,271,131,107.21,73.28,97.85,98.05,99.49,31.83,1.94,3.76,33.17,34.19,48.32
09-06-2026 11:29,217,260,131.59,96.12,98.45,99.57,97.74,23.84,0.91,1.13,20.28,45.7,43.23
09-06-2026 11:30,87,226,78.3,98.26,98.02,97.99,95.63,6.68,1.55,2.9,77.05,39.74,47.89
09-06-2026 11:31,191,291,49.65,11.04,97.38,97.52,95.55,39.51,0.62,0.74,34.93,68.2,9.8
09-06-2026 11:32,473,71,144.99,32.21,98.31,96.57,98.01,19.49,0.55,1.11,69.05,57.05,18.47
09-06-2026 11:33,274,181,131.63,20.57,99.28,98.72,95.54,29.32,0.89,4.73,30.62,71.78,33.65
09-06-2026 11:34,146,183,62.9,96.6,99.61,97.39,98.78,39.85,0.51,2.24,59.01,49.17,6.14
09-06-2026 11:35,349,57,27.25,14.72,99.63,98.88,98.18,23.29,1.57,0.86,49.4,61.85,13.28
09-06-2026 11:36,73,54,61.15,13.2,97.4,99.02,95.08,37.7,0.18,4.02,87.4,91.17,70.06
09-06-2026 11:37,306,283,63.3,48.39,97.4,96.57,99.08,24.39,1.22,4.64,69.88,74.91,64.02
09-06-2026 11:38,322,412,66.82,97.14,99.68,99.42,97.12,35,0.11,0.83,51.05,61.42,24.76
09-06-2026 11:39,64,364,41.16,54.02,99.3,98.68,95.51,22.07,1.4,2.7,49.38,70.42,77.65
09-06-2026 11:40,192,284,70.7,46.59,98.67,97,95.83,14.99,1.91,3.7,69.63,83.1,14.57
09-06-2026 11:41,137,274,97.33,40.18,99.37,99.15,98.97,9.04,1.94,4.8,46.81,34.28,17.53
09-06-2026 11:42,347,54,66.36,35.94,97.75,98.69,96.97,38.79,1.37,3.98,41.96,35.15,41.59
09-06-2026 11:43,182,294,55.67,45.39,98.12,97.45,96.26,35.14,0.15,3.42,32.96,52.39,9.62
09-06-2026 11:44,75,121,119.89,89.65,97.64,98.03,97.21,35.58,1.53,2.61,70.31,85.08,5.72
09-06-2026 11:45,309,383,137.94,76.63,98.57,98.25,96.63,23.22,1.31,2.15,73.56,85.98,16.6
09-06-2026 11:46,266,359,101.98,17.16,98.42,97.01,96.74,16.53,0.85,2.9,87.72,55.64,78.58
09-06-2026 11:47,459,66,86.49,67.96,97.3,99.29,97.74,39.51,1.28,4.19,79.98,52.45,24.47
09-06-2026 11:48,324,285,107.65,29.93,97.1,97.85,96.36,33.31,1.6,2.34,65.49,69.28,67.04
09-06-2026 11:49,382,263,55.81,33.85,98.55,97.98,97.07,8.19,1.44,1.15,34.77,56.83,22.08
09-06-2026 11:50,127,265,68.29,50.4,98.56,97.17,95.73,35.81,0.87,2.12,22.67,62.37,46.56
09-06-2026 11:51,59,205,42.32,68.84,97.07,96.71,96.04,22.94,1.1,0.27,32.78,62.48,49.55
09-06-2026 11:52,386,195,71.85,91.4,99.9,99.76,99.14,18.81,1.38,2.14,68.64,50.11,50.47
09-06-2026 11:53,402,339,23.18,81.16,97.03,97.47,95.03,18.17,0.14,4.58,51.18,59.87,31.24
09-06-2026 11:54,135,141,50.84,33.64,98.46,98.96,97.37,7.37,1.45,4.05,41.71,73.17,36.99
09-06-2026 11:55,411,442,129.88,57.29,99.01,99.42,97.33,15.96,1.51,1.18,49.14,86.27,59.33
09-06-2026 11:56,170,283,47.79,69.16,98.23,97,98.79,22.86,1.96,1.48,56.05,59.12,14.06
09-06-2026 11:57,62,252,57.38,24.43,97.82,97.27,98.45,6.08,1.24,3.83,56.05,90.55,58.09
09-06-2026 11:58,221,373,128.17,42.51,97.62,97.77,98.48,19.62,1.48,0.66,80.45,46.46,23.67
09-06-2026 11:59,284,189,29.12,12.37,97.76,98.28,99.27,34.63,0.99,0.28,60.14,75.81,30.44
09-06-2026 12:00,310,112,56.21,79.44,98.02,99.18,96.5,10.72,0.88,2.32,21.21,37.61,18.87
09-06-2026 12:01,276,391,64.4,96.82,98.48,98.57,96.68,16.32,0.06,2.55,56.27,40.26,62.32
09-06-2026 12:02,477,271,64.07,23.22,98.6,98.98,96.33,12.66,1.05,0.86,70,69.35,11.53
09-06-2026 12:03,127,117,100.64,36.49,97.25,99.01,96.48,21.09,0.48,3.17,42.61,92.92,57.72
09-06-2026 12:04,343,369,74.17,44.69,98.55,99.28,97.74,7.15,1.31,0.14,78.5,73.33,28.16
09-06-2026 12:05,382,412,123.78,80.5,98.02,97.49,97.63,5.29,0.17,0.72,33.91,63.28,79.42
09-06-2026 12:06,81,188,27.97,57.3,98.44,96.98,99.33,20.43,1.99,2.16,65.6,36.81,39.07
09-06-2026 12:07,300,289,128.62,80.55,99.39,98.89,98.91,12.03,0.91,3.49,67.8,76.56,21.82
09-06-2026 12:08,163,428,139.18,60.42,97.45,99.12,99.3,10.93,1.64,4.67,90.38,89.42,45.98
09-06-2026 12:09,93,415,114.23,72.83,97.9,96.83,96.28,34.11,1.96,2.52,20.73,39.1,29.16
09-06-2026 12:10,383,200,29.76,94.9,98.06,99.51,98.67,31.44,1.22,3.17,67.85,70.87,46.53
09-06-2026 12:11,331,89,115.2,79.93,99.53,97.21,95.39,21.9,1.03,4.16,53.28,67.11,44.53
09-06-2026 12:12,144,354,99.98,84.52,97.46,98.46,97.79,10.75,0.26,4.9,49.53,44.78,17.85
09-06-2026 12:13,112,333,99.23,67.92,97.26,99.45,96.83,15.97,0.93,2.01,84.77,90.4,27.76
09-06-2026 12:14,488,218,121.6,93.77,97.71,98.4,96.29,33.84,0.02,2.87,45.44,50.97,53.37
09-06-2026 12:15,182,217,64.31,80.65,97.56,98.61,98.08,38.39,1.55,4.04,59.87,42.14,36.92
09-06-2026 12:16,392,107,97.54,34.75,97.23,97.92,97.61,16.51,1.44,3.25,44.96,79.07,53.65
09-06-2026 12:17,257,113,91.95,11.03,99.02,97.74,99.43,33.63,1.18,1.34,35.28,52.13,40.74
09-06-2026 12:18,321,358,86.94,24.88,99.84,96.86,99.38,36.98,1.06,3.65,52.7,70.95,30.54
09-06-2026 12:19,69,354,35.39,78.46,99.69,98.01,98.1,37.01,0.19,3.88,66.26,68.91,26.94
09-06-2026 12:20,187,90,123.32,20.16,98.55,96.83,99.1,22.77,1.62,1.9,29.38,32.7,26.11
09-06-2026 12:21,459,285,92.85,11.96,98.51,97.79,97.71,29.58,1.27,4.92,30.37,57.93,36.86
09-06-2026 12:22,481,211,106.29,54.08,98.5,97.93,99.66,37.46,0.62,0.65,82.98,94.82,26.95
09-06-2026 12:23,294,441,142.41,74,97.86,98.42,99.44,33.41,1.49,3.71,33.35,83.6,25.71
09-06-2026 12:24,157,342,67.4,87.19,97.77,98.2,95.5,28.1,1.67,3.62,59.24,32.93,75.01
09-06-2026 12:25,190,382,116.96,81.52,99.17,97.96,98.45,26.88,1.71,4.03,23.1,54.63,7.6
09-06-2026 12:26,326,349,98.18,88.64,97.35,97.99,99.28,33.5,1.04,3.88,59.2,40.28,14.36
09-06-2026 12:27,200,365,65.62,93.75,99.32,97.93,97.32,14.3,1.41,4.03,37.92,32.72,51.79
09-06-2026 12:28,393,101,72.28,67.95,98.6,97.33,96.87,19.98,1.76,4.81,86.98,76.75,48.87
09-06-2026 12:29,395,287,142.08,32.5,98.55,98.78,98.19,13.83,1.18,4,55.63,81.56,31.99
09-06-2026 12:30,409,99,89.41,63.64,97.09,97.06,97.97,19.7,1.02,0.41,82.56,80.99,18.9
09-06-2026 12:31,211,81,126.38,67.68,97.9,98.67,95.99,16.14,0.49,2.83,28.12,90.67,30.01
09-06-2026 12:32,322,227,84.55,34.93,98.55,97.65,95.62,14.31,0.88,0.25,77.8,70.42,50.1
09-06-2026 12:33,470,257,96.74,94.12,97.02,96.66,95.9,10.86,0.37,3.39,54.46,94.47,22.02
09-06-2026 12:34,474,372,147.95,84.86,98.36,98.33,98.96,21.83,0.42,4.16,60.33,39.95,42.92
09-06-2026 12:35,123,390,133.99,21.34,99.54,98.19,96.9,10.67,1.4,4.64,48.15,45.7,46.62
09-06-2026 12:36,466,436,20.49,66.82,98.73,97.55,97.12,13.64,1.58,3.21,59.95,55.51,26.85
09-06-2026 12:37,469,221,78.68,55.13,98.51,97.98,96.2,9.21,0.21,3.81,36.76,33.62,64.81
09-06-2026 12:38,473,173,101.27,40.48,97.37,97.87,95.07,34.44,1.03,0.78,37.77,59.12,19.17
09-06-2026 12:39,86,316,89.47,84.93,98.17,98.87,99.12,12.57,1.62,3.81,46.77,94.32,24.69
09-06-2026 12:40,421,254,120.39,49.12,97.96,97.09,98.6,32.52,1.14,4.79,43.86,44.28,55.81
09-06-2026 12:41,440,422,49.24,16.89,99.35,99.72,98.03,14.73,1.99,4.48,58.5,83.65,66.19
09-06-2026 12:42,97,49,129.32,67.93,98.77,98.04,97.94,32.83,1.94,2.39,63.02,58.91,55.14
09-06-2026 12:43,118,365,124.18,94.91,97.29,97.37,97.33,34.63,1.02,3.77,30.42,46.41,59.88
09-06-2026 12:44,66,302,65.68,33.84,98.01,98.84,96.73,24.43,0.21,4.04,47.74,72.15,59.4
09-06-2026 12:45,195,130,135.01,65.46,98.24,97.1,99.43,31.43,0.42,1.75,80.73,75.22,62.43
09-06-2026 12:46,92,386,113.14,44.78,97.61,98.59,99.59,15.87,0.93,3.4,60.61,84.82,62.13
09-06-2026 12:47,267,215,149.79,77.72,99.51,98.65,99.02,8.93,0.7,4.39,35.12,35.09,64.11
09-06-2026 12:48,493,226,41.14,86.89,98.99,98.22,98.9,19.67,0.4,1.5,57.89,64.54,65.42
09-06-2026 12:49,465,145,95.58,80.27,97.56,96.67,99.11,7.64,0.5,3.51,50.71,86.96,27.35
09-06-2026 12:50,98,154,59.09,62.03,98.09,98.27,99.12,36.94,0.54,2.36,61.19,91.69,79.9
09-06-2026 12:51,136,224,114.51,44.02,97.02,96.53,97.16,22.09,0.05,3.47,42.05,66.39,27.57
09-06-2026 12:52,187,389,50.2,58.13,97.58,98.18,95.74,28.48,1.51,0.64,55.09,34.61,49.86
09-06-2026 12:53,65,133,88.59,56.57,99.68,98.31,97.74,19.06,1.9,3.91,41.41,84.87,37.43
09-06-2026 12:54,467,428,126.98,27,99.03,97.46,96.4,15.37,1.45,1.23,20.07,76.49,17.84
09-06-2026 12:55,467,230,50.88,44.19,98.38,96.65,99.56,30.06,0.65,1.66,53.64,70.71,15.98
09-06-2026 12:56,140,159,131.73,33.06,98.1,99.38,98.12,16.96,1.37,0.2,75.17,61.66,65.99
09-06-2026 12:57,58,69,140.35,91.83,98.49,97.69,97.19,29.15,1.77,1.11,88.86,82.99,78.41
09-06-2026 12:58,100,104,56.39,19.54,97.33,97.46,97.89,33.15,1.8,3.16,20.42,42.11,12.48
09-06-2026 12:59,345,395,85.18,13.91,98.01,97.09,98.04,21.25,1,2.2,91.7,43.96,43.75
09-06-2026 13:00,131,93,92.39,93.61,98.1,98.03,95.42,26.31,0.58,0.89,60.84,64.6,10.69
09-06-2026 13:01,432,248,101.09,27.01,98.36,98.88,97.49,18.84,0.65,3.09,90.43,73.66,10.61
09-06-2026 13:02,397,116,135.81,18.5,99.87,99.63,95.37,37.67,0.73,4.24,51.38,58.66,52.57
09-06-2026 13:03,304,304,24.39,63.38,97.54,97.64,96.64,21.42,0.67,0.63,30.92,32.17,40.27
09-06-2026 13:04,345,58,35.04,95.16,99.13,98.6,98.03,33.94,0.22,2.57,72.28,68.14,67.46
09-06-2026 13:05,57,198,52.35,69.51,99.06,96.54,97.06,34.51,0.98,1.63,85.38,40.13,20.48
09-06-2026 13:06,221,311,65.82,74.17,97.46,97.33,95.74,38.35,0.82,1.75,21.07,39.97,36.59
09-06-2026 13:07,109,127,86.4,50.95,99.22,98.68,97.1,12.86,1.46,3.57,31.5,89.46,9.83
09-06-2026 13:08,443,415,44.36,91.85,98.51,99.1,96.07,22.16,0.72,4.16,21.7,45.85,16.44
09-06-2026 13:09,57,408,80.78,46.38,98.3,99.71,99,29.72,0.59,0.91,89.11,57.5,25.91
09-06-2026 13:10,164,215,139.32,44.84,98.63,99.15,97.01,13.17,1.99,4.79,83.26,74.74,27.11
09-06-2026 13:11,94,126,55.82,82.07,99.66,98.49,98.77,32.71,0.39,3.37,27.01,63.01,17.17
09-06-2026 13:12,424,415,128.29,98.85,97.92,98.26,97.4,38.4,0.96,3.53,89.13,54.27,72.66
09-06-2026 13:13,344,361,55.16,46.03,99.52,97.69,97.82,9.13,0.12,2.12,63.42,55.53,48.33
09-06-2026 13:14,132,372,104.44,48.18,98.23,96.96,97.41,25.55,0.96,1.7,74.12,34.85,73.58
09-06-2026 13:15,429,52,145.11,51.61,98.2,97.35,95.05,14.62,0.23,3.33,43.93,79.87,20.52
09-06-2026 13:16,228,79,87.99,20.31,98.16,97.18,95.94,22.72,1.35,4.57,57.66,92.78,75.62
09-06-2026 13:17,287,49,85,22.68,97.63,98.64,96.98,10.14,0.96,0.19,75.04,34.78,52.18
09-06-2026 13:18,349,53,37.24,56.68,99.26,97.36,95.77,16.79,1.11,2.92,29.82,59.74,25.12
09-06-2026 13:19,112,275,60.76,85.48,98.24,98.9,97.4,26.77,0.8,3.86,51.89,59.74,43.83
09-06-2026 13:20,294,375,105.72,41.42,98.94,98.62,99.38,34.45,1.3,1.77,78.47,67.39,78.9
09-06-2026 13:21,367,296,29.09,67.6,99.72,96.51,98.41,28,1.47,1.84,81.54,32.91,61.66
09-06-2026 13:22,472,394,81.99,84.04,97.79,97.11,98.2,23.67,1.03,1.36,22.62,56.67,12.99
09-06-2026 13:23,470,432,110.43,94.41,98.57,99.04,95.42,12.39,1.01,0.2,38.96,63.63,6.12
09-06-2026 13:24,94,304,86.82,61.58,99.68,98.63,96.95,37.56,1.57,1.08,29.81,73.93,46.99
09-06-2026 13:25,251,174,101.28,98.77,98.55,96.87,98.89,13.81,1.56,4.79,72.26,68.74,39.53
09-06-2026 13:26,309,401,65.89,67.27,99.18,98.74,95.93,22.29,1.59,2.43,60.25,80.12,54.59
09-06-2026 13:27,105,118,136.4,24.63,99.89,96.89,95.07,36.15,0.5,3.68,80.83,85.83,79.37
09-06-2026 13:28,485,145,112.33,20.39,98.18,99.3,96.73,25.69,1.01,3.27,92.97,33.62,48.05
09-06-2026 13:29,96,118,82.58,17.07,98.63,97.6,95.73,34.72,1.05,4.67,80.45,75.04,5.38
09-06-2026 13:30,191,76,45.67,91.97,97.51,97.44,97.43,14.22,0.43,3.04,26.67,33.78,32.92
09-06-2026 13:31,338,383,92.12,48.06,98.64,97.71,99.4,6.92,1.35,4.47,80.29,41.96,27.19
09-06-2026 13:32,110,435,30.96,83.07,99.08,98.91,95.47,30.12,1.36,4.17,23.12,31.5,32.98
09-06-2026 13:33,356,115,92.59,92.56,98.14,99.29,95,10.9,0.07,1.71,88.11,36.3,50.48
09-06-2026 13:34,298,225,142,21.03,97.61,96.6,97.04,14.72,1.74,3.06,66.06,64.57,11.89
09-06-2026 13:35,205,393,149.94,85.17,99.59,99.22,95.48,12.96,0.02,1.59,28.15,60.73,55.78
09-06-2026 13:36,88,279,117.4,94.47,97.16,96.54,98.11,15.13,0.51,1.72,40.23,63.24,38.01
09-06-2026 13:37,160,133,107.45,44.84,97.73,97.05,96.64,30.96,1.52,3.37,37.55,68.23,47.8
09-06-2026 13:38,183,369,91.5,54.26,98.64,98.86,95.52,31.24,0.28,0.43,93.21,92.2,9.53
09-06-2026 13:39,214,238,44.21,53.68,99.41,99.64,97.98,17.39,1.21,1.63,88.24,86.58,46.87
09-06-2026 13:40,465,214,58.14,13.01,99.37,97.99,96.53,21.49,1.64,0.71,84.32,88.34,76
09-06-2026 13:41,238,399,109.3,76.84,97.52,99.52,98.53,37.67,0.64,4.7,47.64,33.51,62.22
09-06-2026 13:42,71,171,97.73,54.09,97.09,98.56,96.96,24.61,0.86,4.83,65.31,78.7,75.23
09-06-2026 13:43,493,367,21.57,13.09,99.04,97.42,97.72,12.08,0.55,2.57,93.17,70.06,75.21
09-06-2026 13:44,331,259,47.05,38.01,99.23,99.36,97.44,39.76,0.03,1.57,66.74,60.5,13.75
09-06-2026 13:45,430,78,118.43,98.67,99.35,98.02,99.25,19.34,1.05,2.44,53.57,80.39,44.51
09-06-2026 13:46,450,428,53.56,13.4,98.69,97.26,95.7,27.88,1.37,3.79,57.77,88.11,75.23
09-06-2026 13:47,214,417,102.63,37.33,99.85,97.4,95.95,20.48,0.12,4.89,64.13,66.2,54.18
09-06-2026 13:48,320,134,24.17,65.11,99.08,97.88,98.56,12.95,0.45,0.89,47.9,85.06,67.09
09-06-2026 13:49,146,230,96.59,74.87,97.7,97.05,99.57,26.61,1.96,1.76,72.73,44.47,24.59
09-06-2026 13:50,154,202,61.55,25.09,97.76,96.62,98.31,22.22,0.2,0.94,27.69,69.82,12.07
09-06-2026 13:51,473,66,148.75,71.47,98.87,96.55,99.05,10.09,1.68,0.18,68.45,58.26,20.06
09-06-2026 13:52,233,414,79.84,13.55,97.04,96.89,98.05,24.85,1.11,0.26,55.2,90.1,34.82
09-06-2026 13:53,398,315,121.38,80.55,98.51,99.33,96.84,36.1,0.49,1.47,23.98,81.71,36.28
09-06-2026 13:54,301,413,50.13,91.13,99.42,98.33,97.9,21.6,0.79,4.59,29.42,57.2,30.84
09-06-2026 13:55,113,47,79.49,56.7,97.41,98.19,96.14,11.45,0.14,3.84,52.06,70.73,59.57
09-06-2026 13:56,164,78,90.02,32.54,99.58,97.6,95.69,8.38,0.04,2.17,34.07,31.41,44
09-06-2026 13:57,291,47,31.15,51.48,99.16,99.75,98.14,13.57,1.44,3.03,35.88,85.32,37.06
09-06-2026 13:58,293,208,113.98,68.01,99.11,98.08,97.37,34.79,1.37,4.5,86.81,93.47,57.52
09-06-2026 13:59,174,268,41.62,73.48,97.85,97.43,96.12,35.63,1.74,3.19,55.47,73.69,50.54
09-06-2026 14:00,370,147,69.35,44.45,98.71,98.64,97.12,38.9,0.18,1.8,51.43,31.1,32.37
09-06-2026 14:01,155,339,63.73,75.36,98.48,96.93,98.53,8.47,1.68,4.66,44.18,90.2,64.48
09-06-2026 14:02,403,355,106.62,31.21,99.59,97.11,96,14.49,0.62,2.62,73.51,90.2,11.63
09-06-2026 14:03,285,230,139.77,14.86,98.04,99.18,97.87,32.27,1.44,2.53,23.09,67.98,8.64
09-06-2026 14:04,454,40,124.05,62.65,99.89,98,98.52,28.35,1.98,3.59,32.3,92.11,55.08
09-06-2026 14:05,136,306,105.48,89.48,98.67,97.67,98.86,32.39,1.09,0.86,38.82,78,65.46
09-06-2026 14:06,335,289,53.62,75.18,99.63,97.28,99.27,15.83,1.95,1.48,91.51,33.48,58.2
09-06-2026 14:07,412,319,82.12,30.11,99.05,97.13,97.6,13.86,1.91,0.24,34.98,45.75,36.06
09-06-2026 14:08,465,416,83.88,88.52,99.06,98.41,95.42,29.29,0.34,3.95,38.75,57.11,31.29
09-06-2026 14:09,207,325,36.45,60.91,97.41,98.83,99.25,20.21,0.98,4.64,59.07,61.69,48.37
09-06-2026 14:10,104,418,119.47,52.33,97.92,98.55,98.07,31.93,0.32,3.73,64.96,33.74,63.31
09-06-2026 14:11,210,200,62.95,50.33,98,97.62,98.8,9.36,1.94,2.82,33.72,38.53,49.36
09-06-2026 14:12,148,53,26.89,31.87,99.31,96.66,99.02,28.04,0.87,1.8,21.44,83.64,15.7
09-06-2026 14:13,262,227,93.98,32.14,98.44,99.17,97.21,38.21,1.7,1.73,50,57.52,51.96
09-06-2026 14:14,274,77,56.23,24.3,97.57,99.71,95.72,14.42,1.19,3.09,31.55,81.59,63.89
09-06-2026 14:15,158,232,57.53,94.42,99.39,98.8,95.39,19.64,1.12,1.02,53.62,69.07,29.55
09-06-2026 14:16,303,77,64.99,77.21,99.46,97.74,96.39,36.13,2,3.38,94.25,72.9,60.01
09-06-2026 14:17,492,65,79.27,41,99.01,99.01,99.01,39.05,0.54,3.61,49.57,74.01,40.7
09-06-2026 14:18,74,381,114.76,95.72,99.42,99.48,98.83,21.07,0.51,1.91,21.52,64.06,42.88
09-06-2026 14:19,191,396,146.62,92.03,97.47,97.72,96.99,17.62,1.6,2.67,62.91,85.45,65.44
09-06-2026 14:20,388,346,80.03,91.93,97.95,98.15,99.51,30.71,1.5,1.34,51.1,35.35,50.49
09-06-2026 14:21,425,225,128.67,83.31,98.55,96.97,95.12,32.88,1.2,3.58,42.79,63.12,61.04
09-06-2026 14:22,199,318,24.56,13.35,97.08,98.94,96.49,32.87,0.87,2.32,58.47,76.35,25.51
09-06-2026 14:23,360,320,92.29,39.43,98.28,98.63,97.32,26.71,1.09,3.73,72.95,64.72,55.92
09-06-2026 14:24,87,235,76.2,47.15,99.22,98.42,95.33,36.22,0.07,3.77,76.91,91.95,9.06
09-06-2026 14:25,161,269,75.62,39.76,97.26,98.36,97.25,8.66,1.23,3.72,77.55,88.85,35.71
09-06-2026 14:26,496,444,132.51,36.69,97.46,97.94,96.89,25.15,1.17,3.77,58.24,36.81,69.37
09-06-2026 14:27,397,262,146.27,20.61,99.78,96.8,96.09,6.63,1.41,4.27,52.56,90.35,49.27
09-06-2026 14:28,499,181,79.78,27.28,97.65,97.4,97.11,27.85,1.71,1.51,33.78,54.63,72.08
09-06-2026 14:29,435,440,108.12,52.94,97.47,97.56,96.06,35.72,0.97,2.86,64.53,71.58,42.17
09-06-2026 14:30,62,253,91.21,64.86,97.26,98.06,95.91,12.29,1.33,4.57,50.28,43.5,53.66
09-06-2026 14:31,383,349,117.28,88.19,98.56,98.98,95.66,17.19,0.79,2.61,89.68,86.83,15.09
09-06-2026 14:32,394,235,20.84,19.88,98.66,96.58,96.87,15.62,1.43,0.37,56.65,67.64,51.3
09-06-2026 14:33,150,55,67.88,42.76,99.78,97.97,98.55,31.28,0.54,2.9,87.07,60.89,75.88
09-06-2026 14:34,77,381,29.64,90.23,99.46,99.78,98.19,37.78,1.66,4.24,62.69,54.85,75.09
09-06-2026 14:35,357,246,90.05,50.15,98.64,98.05,95.23,35.87,0.89,2.99,30.44,30.22,23.4
09-06-2026 14:36,58,125,32.9,91.8,97.62,97.18,95.85,5.49,1.55,4.39,66.06,42.23,26.4
09-06-2026 14:37,330,98,65.87,22.88,99.68,96.84,96.82,12.91,1.69,1.61,94.39,32.51,14.62
09-06-2026 14:38,396,53,125.44,89.07,97.21,96.61,98.5,9.67,0.27,0.21,23.74,47.14,9.88
09-06-2026 14:39,111,108,128.26,39.37,99.11,96.81,98.1,16.09,1.5,0.77,87.34,45.77,31.49
09-06-2026 14:40,330,267,95.2,42.92,99.75,97.59,95.45,39.89,0.54,4.27,32.42,77.54,44.33
09-06-2026 14:41,338,110,67.34,86.71,99.19,98.51,96.71,12.35,1.55,2.48,36.86,42.69,17.41
09-06-2026 14:42,389,392,49.77,57.4,98.31,98.41,99.12,35.37,0.91,0.18,51.98,69.4,46.83
09-06-2026 14:43,206,440,104.05,26.44,99.18,97.62,98.34,6.68,0.82,3.55,37.02,81.69,52.31
09-06-2026 14:44,242,76,65.96,53.42,98.73,98.06,98.28,20.18,0.41,1.15,20.44,49.56,61.17
09-06-2026 14:45,382,339,46.32,96.31,98.46,99.53,98.32,30.29,0.18,1.18,20.66,76.55,30.83
09-06-2026 14:46,368,368,64.06,83.74,97.38,97.07,96.6,19.3,0.7,3.84,27.27,52.83,67.79
09-06-2026 14:47,289,50,142.5,98.77,97.26,97.46,96.75,32.17,1.2,3.26,76.81,37.67,67.49
09-06-2026 14:48,488,242,102.61,24.03,99.09,98.88,98.13,9.72,0.82,0.62,81.25,72.59,43.04
09-06-2026 14:49,218,98,43.95,19.58,99.81,97.16,95.28,38.66,1.1,4,23.28,66.85,34.87
09-06-2026 14:50,64,367,131.1,52.42,99.52,97.46,95.61,34.94,1.18,4.46,90.34,33.49,42.57
09-06-2026 14:51,346,53,101.36,81.42,97.81,98.34,98.33,9.71,1.63,3.07,91.22,52.07,13.11
09-06-2026 14:52,66,241,31.16,97.26,97.11,98.99,97.47,17.9,0.14,3.15,63.89,48.26,73.27
09-06-2026 14:53,390,426,78.46,58.94,97.29,99.58,96.76,7.83,0.78,3.04,58.52,75.15,9.16
09-06-2026 14:54,373,264,126.5,17.19,99.48,96.8,98.92,17.63,1.23,0.85,24.96,44.04,14.59
09-06-2026 14:55,362,442,86.87,62.99,99.29,98.67,97.86,19.41,0.95,2.13,83.16,44.95,5.43
09-06-2026 14:56,191,227,46.32,90.11,99.49,96.75,95.5,22.33,1.22,1.45,73.76,68.67,29.36
09-06-2026 14:57,285,372,73.88,19.6,99.68,99.16,96.08,13.96,0.07,1.55,63.85,57.35,77.69
09-06-2026 14:58,307,380,96.89,87.25,98.39,96.51,96.14,16.33,1.93,4.57,91.19,83.67,31.37
09-06-2026 14:59,171,438,147.62,41.51,97.76,98.3,95.88,6.14,1.89,4.64,32.2,56.5,67.33
09-06-2026 15:00,243,57,71.32,76.98,99.6,99.56,96.78,11.07,1.83,0.55,74.13,39.13,34.2
09-06-2026 15:01,476,135,20.35,90.44,99.56,97.55,98.31,13.85,1.52,2.85,42.52,56.02,56.74
09-06-2026 15:02,233,299,36.99,61.42,97.74,99.14,95.33,29.11,0.36,3.02,82.68,79.08,61.47
09-06-2026 15:03,214,122,135.8,62.93,99.66,98.3,97.38,12.78,1.09,0.79,85.23,73.93,79.52
09-06-2026 15:04,156,187,51.29,88.94,98.15,98.04,99.05,23.26,0.4,4.47,22.33,88.2,8.79
09-06-2026 15:05,181,411,29.32,73.56,97.1,99.28,97.19,8.27,1.42,2.5,34.32,31.02,36.35
09-06-2026 15:06,61,445,32.24,34.06,98.83,98.25,95.32,38.9,1.78,1.37,29.18,91.26,39.59
09-06-2026 15:07,426,403,83.75,79.55,97.49,99.03,98.52,23.88,1.73,0.75,64.66,59.21,36.67
09-06-2026 15:08,473,44,68.4,19.73,97.73,97.4,98.39,6.7,1.31,1.18,26.14,49.55,21.84
09-06-2026 15:09,162,327,66.46,96.94,99.79,97.96,98.74,5.46,1.1,3.74,36.27,33.98,16.69
09-06-2026 15:10,256,213,85.83,44.28,98.28,98.05,98.62,8.68,1.54,3.47,75.62,77.74,40.29
09-06-2026 15:11,192,310,60.89,73.02,99.4,98.91,99.65,14.54,1.75,3.86,47.16,77.72,12.81
09-06-2026 15:12,116,426,23.13,90.8,98.51,98.04,99.05,38.36,0.85,0.94,81.18,56.21,75.17
09-06-2026 15:13,158,415,116.99,28.43,98.08,98.59,95.09,30.29,1.67,2.06,53.6,85.33,63.17
09-06-2026 15:14,105,370,62.12,71.1,98.63,97.04,96.46,36.5,1.38,4.93,77.53,91.23,21.21
09-06-2026 15:15,177,117,22.63,70.37,98.36,97.64,99.05,34.9,0.05,3.09,47.59,57.02,67.4
09-06-2026 15:16,256,434,118.39,14.29,99.78,96.74,97.72,36.58,0.03,2.54,46.25,67.72,21.91
09-06-2026 15:17,100,151,101.37,47.52,98.81,97.19,96.59,24.66,1.19,1.92,41,47.79,18.1
09-06-2026 15:18,383,442,45.93,67.04,98.65,97.76,96.53,13.32,1.08,4.6,71.43,78.39,67.58
09-06-2026 15:19,353,171,100.81,21.54,97.77,99.26,96.54,22.08,1.88,1.21,49.22,69.42,61.65
09-06-2026 15:20,479,108,139.01,79.9,97.66,96.58,96.8,9.95,1.42,3.34,23.3,84.38,23.66
09-06-2026 15:21,322,215,106.83,48.65,98.28,96.72,96.89,31.77,1.83,2.13,51.77,75.67,75.71
09-06-2026 15:22,334,190,77.22,81.64,98.77,96.86,97.95,11.54,1.03,2.69,85.72,60.06,25.96
09-06-2026 15:23,116,101,133.65,25.39,98.24,97.12,98.63,21.6,0.71,1.87,83.92,66,58.84
09-06-2026 15:24,294,248,137.23,39.57,99.76,96.58,96.77,36.35,0.56,1.44,42.7,69.8,37.87
09-06-2026 15:25,384,75,136.34,70.68,97.59,99.58,96.24,10.25,0.19,2.86,28.53,39.02,27.5
09-06-2026 15:26,424,330,98.55,83.51,99.21,97.37,96.15,38.8,0.03,4.41,34.98,91.57,30.67
09-06-2026 15:27,256,91,111.93,62.89,97.92,98.33,98.43,6.48,0.03,2.34,29.89,73.18,21.05
09-06-2026 15:28,181,373,45.7,59.36,97.34,96.58,95.24,38.4,0.29,3.57,25.09,37.03,43.17
09-06-2026 15:29,65,335,143.71,95.04,99.26,98.49,97.14,17.47,1.89,3.05,63.43,45.07,8.5
09-06-2026 15:30,282,137,60.79,49.83,97.33,99.26,95.13,34.19,0.29,4.44,74.73,40.7,47.44
09-06-2026 15:31,185,354,96.74,76.87,99.66,99.31,97.4,30.17,1.6,2.52,28.66,58.47,68.19
09-06-2026 15:32,494,349,114.18,26.67,99.8,97.83,98.07,5.66,0.26,3.93,92.6,50.8,7.79
09-06-2026 15:33,283,121,22.27,27.31,99.18,99.59,95.41,24.53,0.52,0.78,36.42,67.55,9.89
09-06-2026 15:34,342,193,37.58,34.54,97.55,99.41,98.33,35.4,0.77,1.64,48.54,31.21,59.35
09-06-2026 15:35,50,255,60.73,63.83,98.27,99.74,96.67,26.49,0.63,4.95,53.38,71.22,14.5
09-06-2026 15:36,459,170,55,50.38,99.56,99.7,97,34.22,0.12,4.25,67.21,61.77,71.75
09-06-2026 15:37,346,49,35.55,47.5,97.21,96.83,96.95,15.69,1.85,1.94,76.84,64.47,57.81
09-06-2026 15:38,59,328,142.45,57.71,99.41,97.7,95.47,28.58,0.03,2.43,34.46,70.78,78.46
09-06-2026 15:39,162,256,102.53,89.82,98.24,97.6,99.23,8.46,0.24,1.57,91.98,71.15,46.56
09-06-2026 15:40,436,404,74.27,78.23,98.14,99.23,96.26,14.71,1.05,2.21,68.61,53.68,22.29
09-06-2026 15:41,477,265,92.92,22.83,98.61,97.55,96.84,14.78,1.86,3.45,39.68,71.93,68.64
09-06-2026 15:42,252,155,48.01,99.87,98.26,98.82,95.86,26.35,1.45,1.64,82.17,69.22,34.18
09-06-2026 15:43,287,156,94.98,24.9,98.17,97.63,96.88,31.64,0.97,4.71,42.03,57.02,64.02
09-06-2026 15:44,187,272,91.11,14.8,98.16,97.39,99.7,15.79,1.77,3.41,45.57,65.33,68.04
09-06-2026 15:45,223,93,40.85,40.56,97.97,96.64,97.81,34.92,0.77,3.73,67.08,54.42,15.58
09-06-2026 15:46,424,152,72.42,73.78,98.47,99.15,98.35,17.88,0.68,1.34,63.24,92.65,20.01
09-06-2026 15:47,315,59,35.52,80.48,98.02,97.24,96.66,27.59,1.1,3.74,45.43,59.38,12.65
09-06-2026 15:48,235,51,78.58,48.15,98.48,99.62,97.58,38.36,0.37,3.65,80.92,74.14,50.52
09-06-2026 15:49,64,76,131.92,83.95,97.35,99.3,96.95,13.88,1.74,2.22,80.63,47.12,5.29
09-06-2026 15:50,488,310,135.44,82.75,98.51,98.89,96.72,6.29,1.81,0.73,91.1,67.17,27.92
09-06-2026 15:51,468,195,85.21,12.1,98.03,98.94,97.4,13.55,0.68,4.33,59.42,64.34,77.11
09-06-2026 15:52,199,367,82.34,83.05,99.2,97.38,95.71,29.52,0.52,4.62,29.69,50.69,9.11
09-06-2026 15:53,332,308,135.86,67.23,99.72,96.92,95.41,34.34,1.71,4.17,79.92,53.54,21.31
09-06-2026 15:54,472,359,59.91,45.86,99.03,97.47,98.85,7.45,1.58,3.05,62.97,59.79,25.78
09-06-2026 15:55,402,203,78.5,62.54,97.82,96.76,95.68,29.47,0.05,4.3,72.08,79.93,67.7
09-06-2026 15:56,434,71,126.92,55.42,99.57,99.43,95.11,18.4,1.06,3.42,41.46,46.39,33.59
09-06-2026 15:57,222,118,143.65,78.59,98.25,96.68,95.79,20.96,1.63,1.97,60.39,87.97,73.53
09-06-2026 15:58,479,340,25.67,37.49,99.02,99.64,95.36,6,1.77,3.77,94.42,55.79,36.2
09-06-2026 15:59,295,226,100.19,58.07,97.63,97.04,96.11,22.59,0.55,4.74,54.79,33.82,59.69
09-06-2026 16:00,152,229,104.95,35.16,98.66,99.05,99.36,14.14,0.68,2.37,89.54,88.59,11.74
09-06-2026 16:01,349,202,84.42,19.6,98,96.99,97.99,38.23,1.99,1.94,64.93,85.66,13.81
09-06-2026 16:02,319,201,73.15,28.55,98.17,96.75,98.27,13.85,0.63,0.69,84.85,62.07,47.91
09-06-2026 16:03,323,220,73.36,27.33,99.16,96.92,95.49,29.86,0.43,1.6,55.64,59.21,58.14
09-06-2026 16:04,165,64,112.83,36.34,97.93,97.95,96.45,39.47,1.63,0.91,20.42,32.78,23.3
09-06-2026 16:05,465,344,89.33,87.22,99.14,97.21,96.88,22.78,1.62,4.21,88.23,63.1,57.07
09-06-2026 16:06,295,402,93.49,32.38,98.25,98.59,96.21,6.83,0.03,0.21,20.63,37.17,22.96
09-06-2026 16:07,353,431,132.97,27.57,97.12,97.03,96.81,12.67,0.62,4.88,72.83,76.29,12.1
09-06-2026 16:08,157,328,116.11,69.38,97.66,97.9,98.98,28.46,1.47,2.98,53.72,79.34,10.09
09-06-2026 16:09,307,420,71.36,25.94,98.05,97.73,99.67,39.82,0.24,3.66,23.88,31.96,12.9
09-06-2026 16:10,428,318,142.31,27.45,97.47,97.29,97.42,24.94,0.45,3.81,43.22,89.94,54.25
09-06-2026 16:11,85,151,122.69,83.61,97.84,97.62,99.4,10.77,0.09,2.32,80.09,80.16,73.96
09-06-2026 16:12,216,389,33.01,62.98,99.26,96.81,95.81,5.43,1.19,4.44,70.3,93.83,9.73
09-06-2026 16:13,133,54,125.83,38.28,99.82,97.45,99.18,35.83,1.52,2.86,29,64.58,31.76
09-06-2026 16:14,119,357,118.56,91.96,97.04,99.17,99.41,32.63,0.27,0.5,21.56,70.87,52.23
09-06-2026 16:15,197,183,71.75,39.87,98.81,99.22,99.4,33.11,0.86,3.21,84.22,61.89,21.25
09-06-2026 16:16,254,174,35.45,86.47,99.78,99.66,97.08,27.56,1.2,1.82,53.3,34.18,64.68
09-06-2026 16:17,198,227,79.87,53.26,98.63,99.2,98.25,28.21,1.06,0.57,50.15,92.23,79.67
09-06-2026 16:18,357,253,49.58,19.17,98.2,99.33,98.39,35.94,1.24,0.74,28.61,33.12,47.53
09-06-2026 16:19,264,329,115.47,71.76,97.92,97.08,95.48,30.81,0.91,1.69,84.25,68.58,43.85
09-06-2026 16:20,266,248,126.03,71.75,98.28,97.75,98.63,23.13,1.41,4.46,88.69,48.05,19.09
09-06-2026 16:21,174,165,140.2,84.36,97.97,97.4,97.58,30.26,1.99,0.74,23.7,75.13,67.42
09-06-2026 16:22,117,285,108.2,95.86,98.48,99.52,99.55,34.65,0.63,1.06,61.11,59.45,70.83
09-06-2026 16:23,289,255,53.51,77.66,97.28,97.56,96.82,26.79,0.32,4.32,53.57,89.61,40.09
09-06-2026 16:24,302,414,20.49,57.89,97.31,97.79,97.77,14.65,0.36,3.9,91.01,36.53,16.67
09-06-2026 16:25,497,52,72.77,12.8,99.81,99.75,97.58,7.47,1.09,4.47,71,76.8,11.37
09-06-2026 16:26,217,416,36.56,91.39,98.52,99.11,95.54,37.47,1.64,1.2,85.56,47.12,20.4
09-06-2026 16:27,456,146,138.29,92.4,97.95,98.83,98.18,33.23,0.6,2.6,70.08,31.71,33.26
09-06-2026 16:28,391,234,52.84,96.19,97.09,99.66,96.02,6.71,0.59,3.95,76.43,43.57,19.76
09-06-2026 16:29,81,412,79.55,81.31,97.07,98.51,98.43,39.77,1.36,1.24,28.11,71.66,44.24
09-06-2026 16:30,239,177,114.46,55.88,98.17,97.83,96.06,5.61,1.15,1.14,35.62,38.15,19.22
09-06-2026 16:31,418,441,107.65,46.13,98.63,98.6,99.57,7.39,0.84,1.3,55.75,89.83,59.3
09-06-2026 16:32,367,281,77.36,70.4,97.09,98.43,97.6,17.13,0.41,4.06,24.04,34.53,38.04
09-06-2026 16:33,102,341,116.91,67.08,99.24,97.57,98.48,35.18,0.7,1.77,87.5,33.24,31.26
09-06-2026 16:34,67,227,23.77,20.16,98.25,98.77,96.36,34.74,0.88,4.84,91.56,80.26,74.93
09-06-2026 16:35,463,302,136.43,31.28,98,98.98,97,34.31,1.76,1.57,81.76,40.03,30.06
09-06-2026 16:36,148,357,95.3,62.08,97.6,99.13,97.97,16.12,0.47,4.41,82.68,44.93,7.67
09-06-2026 16:37,350,360,100.02,19.08,98.7,97.99,98.64,12.32,0.91,0.87,91.81,80.62,60.25
09-06-2026 16:38,119,152,75.03,93.1,97.21,99.15,96.01,16.34,1.04,3.94,82.89,67.94,35.23
09-06-2026 16:39,440,170,52.05,82.28,98.77,97.74,95.01,20.63,0.56,0.61,25.64,52.59,51.11
